66016,42.2,Chieti,14.21,Guardiagrele,ABRUZZO,ITALY
66017,41.98,Chieti,14.13,Palena,ABRUZZO,ITALY
66018,42.01,Chieti,14.16,Taranta Peligna,ABRUZZO,ITALY
66019,42.01,Chieti,14.26,Torricella Peligna,ABRUZZO,ITALY
66020,42.16,Chieti,14.5,Paglieta,ABRUZZO,ITALY
66020,42.25,Chieti,14.46,Rocca San Giovanni,ABRUZZO,ITALY
66020,42.13,Chieti,14.6,Pollutri,ABRUZZO,ITALY
66020,42.16,Chieti,14.56,Villalfonsina,ABRUZZO,ITALY
66020,42.18,Chieti,14.53,Torino di Sangro,ABRUZZO,ITALY
66020,42.41,Chieti,14.2,San Giovanni Teatino,ABRUZZO,ITALY
66020,42.11,Chieti,14.56,Scerni,ABRUZZO,ITALY
66021,42.15,Chieti,14.58,Casalbordino,ABRUZZO,ITALY
66022,42.25,Chieti,14.48,Fossacesia,ABRUZZO,ITALY
66023,42.41,Chieti,14.3,Francavilla al Mare,ABRUZZO,ITALY
66026,42.35,Chieti,14.4,Ortona,ABRUZZO,ITALY
66030,42.25,Chieti,14.31,Poggiofiorito,ABRUZZO,ITALY
66030,41.95,Chieti,14.43,Montazzoli,ABRUZZO,ITALY
66030,42.23,Chieti,14.25,Filetto,ABRUZZO,ITALY
66030,42.26,Chieti,14.3,Arielli,ABRUZZO,ITALY
66030,42.26,Chieti,14.41,Treglio,ABRUZZO,ITALY
66030,42.26,Chieti,14.36,Frisa,ABRUZZO,ITALY
66030,42.21,Chieti,14.45,Santa Maria Imbaro,ABRUZZO,ITALY
66030,42.21,Chieti,14.45,Mozzagrogna,ABRUZZO,ITALY
66030,42.01,Chieti,14.5,Carpineto Sinello,ABRUZZO,ITALY
66031,42.03,Chieti,14.5,Casalanguida,ABRUZZO,ITALY
66032,42.2,Chieti,14.35,Castel Frentano,ABRUZZO,ITALY
66033,41.86,Chieti,14.45,Castiglione Messer Marino,ABRUZZO,ITALY
66034,42.23,Chieti,14.38,Lanciano,ABRUZZO,ITALY
66035,42.3,Chieti,14.44,MARINA DI SAN VITO,ABRUZZO,ITALY
66036,42.21,Chieti,14.28,Orsogna,ABRUZZO,ITALY
66037,42.16,Chieti,14.33,Sant'Eusanio del Sangro,ABRUZZO,ITALY
66038,42.3,Chieti,14.45,San Vito Chietino,ABRUZZO,ITALY
66040,41.95,Chieti,14.3,Civitaluparella,ABRUZZO,ITALY
66040,41.91,Chieti,14.23,Pizzoferrato,ABRUZZO,ITALY
66040,41.93,Chieti,14.31,Fallo,ABRUZZO,ITALY
66040,41.81,Chieti,14.51,Castelguidone,ABRUZZO,ITALY
66040,41.96,Chieti,14.36,Pietraferrazzana,ABRUZZO,ITALY
66040,41.98,Chieti,14.33,Montebello sul Sangro,ABRUZZO,ITALY
66040,42,Chieti,14.31,Pennadomo,ABRUZZO,ITALY
66040,42.08,Chieti,14.38,Archi,ABRUZZO,ITALY
66040,41.93,Chieti,14.28,Quadri,ABRUZZO,ITALY
66040,41.98,Chieti,14.38,Colledimezzo,ABRUZZO,ITALY
66040,41.9,Chieti,14.21,Gamberale,ABRUZZO,ITALY
66040,42.1,Chieti,14.4,Perano,ABRUZZO,ITALY
66040,41.96,Chieti,14.35,Montelapiano,ABRUZZO,ITALY
66040,41.91,Chieti,14.3,Borrello,ABRUZZO,ITALY
66040,41.91,Chieti,14.36,Roio del Sangro,ABRUZZO,ITALY
66040,41.9,Chieti,14.35,Rosello,ABRUZZO,ITALY
66040,42.1,Chieti,14.33,Altino,ABRUZZO,ITALY
66040,42.06,Chieti,14.31,Roccascalegna,ABRUZZO,ITALY
66040,41.95,Chieti,14.38,Monteferrante,ABRUZZO,ITALY
66041,42.06,Chieti,14.45,Atessa,ABRUZZO,ITALY
66042,42.03,Chieti,14.36,Bomba,ABRUZZO,ITALY
66043,42.11,Chieti,14.28,Casoli,ABRUZZO,ITALY
66045,41.81,Chieti,14.48,Schiavi di Abruzzo,ABRUZZO,ITALY
66046,42.03,Chieti,14.41,Tornareccio,ABRUZZO,ITALY
66047,41.95,Chieti,14.35,Villa Santa Maria,ABRUZZO,ITALY
66050,41.95,Chieti,14.56,Liscia,ABRUZZO,ITALY
66050,41.98,Chieti,14.56,San Buono,ABRUZZO,ITALY
66050,41.86,Chieti,14.53,Torrebruna,ABRUZZO,ITALY
66050,41.86,Chieti,14.56,Celenza sul Trigno,ABRUZZO,ITALY
66050,42,Chieti,14.68,Lentella,ABRUZZO,ITALY
66050,42.08,Chieti,14.65,Monteodorisio,ABRUZZO,ITALY
66050,41.91,Chieti,14.61,Tufillo,ABRUZZO,ITALY
66050,42,Chieti,14.48,Guilmi,ABRUZZO,ITALY
66050,41.93,Chieti,14.58,Palmoli,ABRUZZO,ITALY
66050,42,Chieti,14.58,Furci,ABRUZZO,ITALY
66050,41.91,Chieti,14.48,Fraine,ABRUZZO,ITALY
66050,41.93,Chieti,14.46,Roccaspinalveti,ABRUZZO,ITALY
66050,41.91,Chieti,14.53,Carunchio,ABRUZZO,ITALY
66050,41.98,Chieti,14.66,Fresagrandinaria,ABRUZZO,ITALY
66050,42.05,Chieti,14.71,San Salvo,ABRUZZO,ITALY
66050,41.95,Chieti,14.63,Dogliola,ABRUZZO,ITALY
66050,41.85,Chieti,14.56,San Giovanni Lipioni,ABRUZZO,ITALY
66051,42.06,Chieti,14.66,Cupello,ABRUZZO,ITALY
66052,42.01,Chieti,14.55,Gissi,ABRUZZO,ITALY
66054,42.1,Chieti,14.7,Vasto,ABRUZZO,ITALY
66100,42.35,Chieti,14.16,Chieti,ABRUZZO,ITALY
67010,42.45,L'Aquila,13.28,Barete,ABRUZZO,ITALY
67011,42.41,L'Aquila,13.34,ARISCHIA,ABRUZZO,ITALY
67012,42.45,L'Aquila,13.23,Cagnano Amiterno,ABRUZZO,ITALY
67013,42.55,L'Aquila,13.36,Campotosto,ABRUZZO,ITALY
67014,42.51,L'Aquila,13.3,Capitignano,ABRUZZO,ITALY
67015,42.53,L'Aquila,13.25,Montereale,ABRUZZO,ITALY
67016,42.35,L'Aquila,13.48,PAGANICA,ABRUZZO,ITALY
67017,42.43,L'Aquila,13.3,Pizzoli,ABRUZZO,ITALY
67018,42.33,L'Aquila,13.3,PAGLIARE,ABRUZZO,ITALY
67019,42.36,L'Aquila,13.25,Scoppito,ABRUZZO,ITALY
67020,42.18,L'Aquila,13.71,Acciano,ABRUZZO,ITALY
67020,42.35,L'Aquila,13.63,Santo Stefano di Sessanio,ABRUZZO,ITALY
67020,42.11,L'Aquila,13.73,Castel di Ieri,ABRUZZO,ITALY
67020,42.21,L'Aquila,13.78,Collepietro,ABRUZZO,ITALY
67020,42.31,L'Aquila,13.68,Castelvecchio Calvisio,ABRUZZO,ITALY
67020,42.23,L'Aquila,13.6,Fontecchio,ABRUZZO,ITALY
67020,42.3,L'Aquila,13.48,Fossa,ABRUZZO,ITALY
67020,42.13,L'Aquila,13.7,Gagliano Aterno,ABRUZZO,ITALY
67020,42.25,L'Aquila,13.56,Fagnano Alto,ABRUZZO,ITALY
67020,42.23,L'Aquila,13.73,Navelli,ABRUZZO,ITALY
67020,42.15,L'Aquila,13.73,Molina Aterno,ABRUZZO,ITALY
67020,42.28,L'Aquila,13.51,Sant'Eusanio Forconese,ABRUZZO,ITALY
67020,42.28,L'Aquila,13.65,San Pio delle Camere,ABRUZZO,ITALY
67020,42.18,L'Aquila,13.76,San Benedetto in Perillis,ABRUZZO,ITALY
67020,42.33,L'Aquila,13.78,Villa Santa Lucia degli Abruzzi,ABRUZZO,ITALY
67020,42.2,L'Aquila,13.63,Tione degli Abruzzi,ABRUZZO,ITALY
67020,42.26,L'Aquila,13.53,Villa Sant'Angelo,ABRUZZO,ITALY
67020,42.3,L'Aquila,13.68,Carapelle Calvisio,ABRUZZO,ITALY
67020,42.25,L'Aquila,13.66,Caporciano,ABRUZZO,ITALY
67020,42.33,L'Aquila,13.7,Calascio,ABRUZZO,ITALY
67020,42.28,L'Aquila,13.61,Prata d'Ansidonia,ABRUZZO,ITALY
67021,42.33,L'Aquila,13.58,Barisciano,ABRUZZO,ITALY
67022,42.26,L'Aquila,13.76,Capestrano,ABRUZZO,ITALY
67023,42.36,L'Aquila,13.71,Castel del Monte,ABRUZZO,ITALY
67024,42.13,L'Aquila,13.73,Castelvecchio Subequo,ABRUZZO,ITALY
67025,42.33,L'Aquila,13.75,Ofena,ABRUZZO,ITALY
67026,42.31,L'Aquila,13.53,Poggio Picenze,ABRUZZO,ITALY
67027,42.1,L'Aquila,13.81,Raiano,ABRUZZO,ITALY
67028,42.28,L'Aquila,13.55,San Demetrio ne' Vestini,ABRUZZO,ITALY
67029,42.15,L'Aquila,13.68,Secinaro,ABRUZZO,ITALY
67030,41.78,L'Aquila,13.93,Villetta Barrea,ABRUZZO,ITALY
67030,41.78,L'Aquila,13.83,Opi,ABRUZZO,ITALY
67030,42.05,L'Aquila,14.05,Pacentro,ABRUZZO,ITALY
67030,41.93,L'Aquila,13.83,Villalago,ABRUZZO,ITALY
67030,42.03,L'Aquila,13.76,Cocullo,ABRUZZO,ITALY
67030,42.13,L'Aquila,13.81,Vittorito,ABRUZZO,ITALY
67030,42.05,L'Aquila,13.83,Prezza,ABRUZZO,ITALY
67030,42.11,L'Aquila,13.83,Corfinio,ABRUZZO,ITALY
67030,42,L'Aquila,14.01,Cansano,ABRUZZO,ITALY
67030,41.85,L'Aquila,14.2,Ateleta,ABRUZZO,ITALY
67030,42,L'Aquila,13.8,Anversa degli Abruzzi,ABRUZZO,ITALY
67030,41.73,L'Aquila,14.03,Alfedena,ABRUZZO,ITALY
67030,41.76,L'Aquila,13.95,Civitella Alfedena,ABRUZZO,ITALY
67030,42.01,L'Aquila,13.86,Bugnara,ABRUZZO,ITALY
67030,42.01,L'Aquila,14.05,Campo di Giove,ABRUZZO,ITALY
67030,41.75,L'Aquila,14.03,Barrea,ABRUZZO,ITALY
67030,42.01,L'Aquila,13.9,Introdacqua,ABRUZZO,ITALY
67030,41.75,L'Aquila,14.03,Scontrone,ABRUZZO,ITALY
67030,42.11,L'Aquila,13.88,Roccacasale,ABRUZZO,ITALY
67030,42.08,L'Aquila,13.76,Goriano Sicoli,ABRUZZO,ITALY
67030,41.93,L'Aquila,13.98,Rocca Pia,ABRUZZO,ITALY
67031,41.78,L'Aquila,14.11,Castel di Sangro,ABRUZZO,ITALY
67032,41.8,L'Aquila,13.78,Pescasseroli,ABRUZZO,ITALY
67033,41.88,L'Aquila,14.06,Pescocostanzo,ABRUZZO,ITALY
67034,41.98,L'Aquila,13.96,Pettorano sul Gizio,ABRUZZO,ITALY
67035,42.1,L'Aquila,13.88,Pratola Peligna,ABRUZZO,ITALY
67036,41.86,L'Aquila,14.06,Rivisondoli,ABRUZZO,ITALY
67037,41.85,L'Aquila,14.08,Roccaraso,ABRUZZO,ITALY
67038,41.9,L'Aquila,13.88,Scanno,ABRUZZO,ITALY
67039,42.03,L'Aquila,13.93,Sulmona,ABRUZZO,ITALY
67040,42.06,L'Aquila,13.63,Collarmele,ABRUZZO,ITALY
67040,42.28,L'Aquila,13.48,Ocre,ABRUZZO,ITALY
67041,42.08,L'Aquila,13.58,Aielli,ABRUZZO,ITALY
67042,42.3,L'Aquila,13.41,BAGNO,ABRUZZO,ITALY
67043,42.08,L'Aquila,13.55,Celano,ABRUZZO,ITALY
67044,42.06,L'Aquila,13.6,Cerchio,ABRUZZO,ITALY
67045,42.3,L'Aquila,13.33,Lucoli,ABRUZZO,ITALY
67046,42.13,L'Aquila,13.51,Ovindoli,ABRUZZO,ITALY
67047,42.23,L'Aquila,13.48,Rocca di Cambio,ABRUZZO,ITALY
67048,42.2,L'Aquila,13.51,Rocca di Mezzo,ABRUZZO,ITALY
67049,42.28,L'Aquila,13.28,Tornimparte,ABRUZZO,ITALY
67050,41.88,L'Aquila,13.58,Collelongo,ABRUZZO,ITALY
67050,41.84,L'Aquila,13.53,San Vincenzo Valle Roveto,ABRUZZO,ITALY
67050,41.86,L'Aquila,13.45,Morino,ABRUZZO,ITALY
67050,41.93,L'Aquila,13.41,Canistro,ABRUZZO,ITALY
67050,41.91,L'Aquila,13.75,Bisegna,ABRUZZO,ITALY
67050,41.86,L'Aquila,13.61,Villavallelonga,ABRUZZO,ITALY
67050,42.1,L'Aquila,13.4,Massa d'Albe,ABRUZZO,ITALY
67050,41.93,L'Aquila,13.68,Lecce nei Marsi,ABRUZZO,ITALY
67050,41.98,L'Aquila,13.33,Castellafiume,ABRUZZO,ITALY
67050,41.95,L'Aquila,13.65,Ortucchio,ABRUZZO,ITALY
67050,42,L'Aquila,13.73,Ortona dei Marsi,ABRUZZO,ITALY
67050,41.88,L'Aquila,13.46,Civita d'Antino,ABRUZZO,ITALY
67051,42.03,L'Aquila,13.43,Avezzano,ABRUZZO,ITALY
67052,41.81,L'Aquila,13.56,Balsorano,ABRUZZO,ITALY
67053,41.96,L'Aquila,13.38,Capistrello,ABRUZZO,ITALY
67054,41.91,L'Aquila,13.42,Civitella Roveto,ABRUZZO,ITALY
67055,41.95,L'Aquila,13.7,Gioia dei Marsi,ABRUZZO,ITALY
67056,41.96,L'Aquila,13.46,Luco dei Marsi,ABRUZZO,ITALY
67057,42.03,L'Aquila,13.65,Pescina,ABRUZZO,ITALY
67058,42,L'Aquila,13.61,San Benedetto dei Marsi,ABRUZZO,ITALY
67059,41.95,L'Aquila,13.53,Trasacco,ABRUZZO,ITALY
67060,42,L'Aquila,13.28,Cappadocia,ABRUZZO,ITALY
67061,42.1,L'Aquila,13.08,Carsoli,ABRUZZO,ITALY
67062,42.1,L'Aquila,13.36,Magliano de' Marsi,ABRUZZO,ITALY
67063,42.05,L'Aquila,13.03,Oricola,ABRUZZO,ITALY
67064,42.05,L'Aquila,13.1,Pereto,ABRUZZO,ITALY
67065,42.13,L'Aquila,13.12,PIETRASECCA,ABRUZZO,ITALY
67066,42.03,L'Aquila,13.06,Rocca di Botte,ABRUZZO,ITALY
67067,42.1,L'Aquila,13.2,Sante Marie,ABRUZZO,ITALY
67068,42.06,L'Aquila,13.35,Scurcola Marsicana,ABRUZZO,ITALY
67069,42.06,L'Aquila,13.25,Tagliacozzo,ABRUZZO,ITALY
67100,42.35,L'Aquila,13.4,L'Aquila,ABRUZZO,ITALY
70010,40.88,Bari,16.95,Sammichele di Bari,PUGLIA,ITALY
70010,41,Bari,16.86,Adelfia,PUGLIA,ITALY
70010,41.01,Bari,16.93,Cellamare,PUGLIA,ITALY
70010,40.75,Bari,17.31,Locorotondo,PUGLIA,ITALY
70010,40.95,Bari,16.91,Casamassima,PUGLIA,ITALY
70010,41.05,Bari,16.91,Capurso,PUGLIA,ITALY
70010,41.05,Bari,16.88,Valenzano,PUGLIA,ITALY
70010,40.91,Bari,17.01,Turi,PUGLIA,ITALY
70010,41.13,Bari,16.86,Bari,PUGLIA,ITALY
70011,40.78,Bari,17.23,Alberobello,PUGLIA,ITALY
70012,41.13,Bari,16.86,Bari,PUGLIA,ITALY
70012,45.93,Bari,11.21,CARBONARA,PUGLIA,ITALY
70013,40.88,Bari,17.16,Castellana Grotte,PUGLIA,ITALY
70014,40.96,Bari,17.11,Conversano,PUGLIA,ITALY
70015,40.8,Bari,17.13,Noci,PUGLIA,ITALY
70016,41.03,Bari,16.98,Noicattaro,PUGLIA,ITALY
70016,41.13,Bari,16.86,Bari,PUGLIA,ITALY
70017,40.85,Bari,17.11,Putignano,PUGLIA,ITALY
70018,40.93,Bari,16.9,Rutigliano,PUGLIA,ITALY
70019,41.06,Bari,16.91,Triggiano,PUGLIA,ITALY
70020,40.91,Bari,16.25,Poggiorsini,PUGLIA,ITALY
70020,41.03,Bari,16.75,Bitetto,PUGLIA,ITALY
70020,41.03,Bari,16.71,Binetto,PUGLIA,ITALY
70020,41.05,Bari,16.83,Bitritto,PUGLIA,ITALY
70020,41,Bari,16.68,Toritto,PUGLIA,ITALY
70020,40.88,Bari,16.76,Cassano delle Murge,PUGLIA,ITALY
70021,40.9,Bari,16.85,Acquaviva delle Fonti,PUGLIA,ITALY
70022,40.81,Bari,16.55,Altamura,PUGLIA,ITALY
70023,40.8,Bari,16.93,Gioia del Colle,PUGLIA,ITALY
70024,40.81,Bari,16.41,Gravina in Puglia,PUGLIA,ITALY
70025,41.01,Bari,16.7,Grumo Appula,PUGLIA,ITALY
70026,41.08,Bari,16.78,Modugno,PUGLIA,ITALY
70027,41.05,Bari,16.7,Palo del Colle,PUGLIA,ITALY
70028,41,Bari,16.8,Sannicandro di Bari,PUGLIA,ITALY
70029,40.8,Bari,16.76,Santeramo in Colle,PUGLIA,ITALY
70031,41.21,Bari,16.3,Andria,PUGLIA,ITALY
70032,41.11,Bari,16.68,Bitonto,PUGLIA,ITALY
70033,41.15,Bari,16.4,Corato,PUGLIA,ITALY
70034,41.05,Bari,16.56,MARIOTTO,PUGLIA,ITALY
70036,41.06,Bari,16.6,PALOMBAIO,PUGLIA,ITALY
70037,41.11,Bari,16.48,Ruvo di Puglia,PUGLIA,ITALY
70038,41.13,Bari,16.55,Terlizzi,PUGLIA,ITALY
70040,40.93,Bari,17.21,COZZANA,PUGLIA,ITALY
70042,41.06,Bari,17.08,Mola di Bari,PUGLIA,ITALY
70043,40.95,Bari,17.3,Monopoli,PUGLIA,ITALY
70044,41,Bari,17.21,Polignano a Mare,PUGLIA,ITALY
70045,41.08,Bari,16.99,TORRE A MARE,PUGLIA,ITALY
70045,41.13,Bari,16.86,Bari,PUGLIA,ITALY
70046,40.92,Bari,17.16,TRIGGIANELLO,PUGLIA,ITALY
70050,41.13,Bari,16.86,Bari,PUGLIA,ITALY
70050,41.16,Bari,15.93,LOCONIA,PUGLIA,ITALY
70051,41.31,Bari,16.28,Barletta,PUGLIA,ITALY
70052,41.23,Bari,16.5,Bisceglie,PUGLIA,ITALY
70053,41.21,Bari,16.06,Canosa di Puglia,PUGLIA,ITALY
70054,41.18,Bari,16.66,Giovinazzo,PUGLIA,ITALY
70055,41.1,Bari,16.08,Minervino Murge,PUGLIA,ITALY
70056,41.2,Bari,16.6,Molfetta,PUGLIA,ITALY
70057,41.13,Bari,16.86,Bari,PUGLIA,ITALY
70057,41.14,Bari,16.76,PALESE,PUGLIA,ITALY
70058,40.96,Bari,16.08,Spinazzola,PUGLIA,ITALY
70059,41.26,Bari,16.41,Trani,PUGLIA,ITALY
70100,41.13,Bari,16.86,Bari,PUGLIA,ITALY
70121,41.13,Bari,16.86,Bari,PUGLIA,ITALY
70122,41.13,Bari,16.86,Bari,PUGLIA,ITALY
70123,41.13,Bari,16.86,Bari,PUGLIA,ITALY
70124,41.13,Bari,16.86,Bari,PUGLIA,ITALY
70125,41.13,Bari,16.86,Bari,PUGLIA,ITALY
70126,41.13,Bari,16.86,Bari,PUGLIA,ITALY
71010,41.83,Foggia,15.76,Cagnano Varano,PUGLIA,ITALY
71010,41.8,Foggia,15.16,Serracapriola,PUGLIA,ITALY
71010,41.85,Foggia,15.85,Carpino,PUGLIA,ITALY
71010,41.86,Foggia,15.35,Lesina,PUGLIA,ITALY
71010,41.85,Foggia,15.15,Chieuti,PUGLIA,ITALY
71010,41.9,Foggia,15.9,Ischitella,PUGLIA,ITALY
71010,41.73,Foggia,15.26,San Paolo di Civitate,PUGLIA,ITALY
71010,41.95,Foggia,16.01,Peschici,PUGLIA,ITALY
71010,41.81,Foggia,15.36,Poggio Imperiale,PUGLIA,ITALY
71010,41.68,Foggia,15.58,Rignano Garganico,PUGLIA,ITALY
71011,41.76,Foggia,15.43,Apricena,PUGLIA,ITALY
71012,41.93,Foggia,15.88,Rodi Garganico,PUGLIA,ITALY
71013,41.7,Foggia,15.73,San Giovanni Rotondo,PUGLIA,ITALY
71014,41.71,Foggia,15.63,San Marco in Lamis,PUGLIA,ITALY
71015,41.83,Foggia,15.56,San Nicandro Garganico,PUGLIA,ITALY
71016,41.68,Foggia,15.38,San Severo,PUGLIA,ITALY
71017,41.68,Foggia,15.28,Torremaggiore,PUGLIA,ITALY
71018,41.9,Foggia,15.96,Vico del Gargano,PUGLIA,ITALY
71019,41.88,Foggia,16.16,Vieste,PUGLIA,ITALY
71020,41.35,Foggia,15.2,Castelluccio Valmaggiore,PUGLIA,ITALY
71020,41.16,Foggia,15.26,Monteleone di Puglia,PUGLIA,ITALY
71020,41.21,Foggia,15.26,Panni,PUGLIA,ITALY
71020,41.11,Foggia,15.28,Anzano di Puglia,PUGLIA,ITALY
71020,41.31,Foggia,15.16,Faeto,PUGLIA,ITALY
71020,41.1,Foggia,15.46,Rocchetta Sant'Antonio,PUGLIA,ITALY
71020,41.33,Foggia,15.18,Celle di San Vito,PUGLIA,ITALY
71021,41.16,Foggia,15.33,Accadia,PUGLIA,ITALY
71022,41.2,Foggia,15.56,Ascoli Satriano,PUGLIA,ITALY
71023,41.25,Foggia,15.35,Bovino,PUGLIA,ITALY
71024,41.13,Foggia,15.51,Candela,PUGLIA,ITALY
71025,41.3,Foggia,15.48,Castelluccio dei Sauri,PUGLIA,ITALY
71026,41.21,Foggia,15.38,Deliceto,PUGLIA,ITALY
71027,41.28,Foggia,15.26,Orsara di Puglia,PUGLIA,ITALY
71028,41.9,Foggia,15.96,Sant'Agata di Puglia,PUGLIA,ITALY
71029,41.36,Foggia,15.3,Troia,PUGLIA,ITALY
71030,41.5,Foggia,15.11,Motta Montecorvino,PUGLIA,ITALY
71030,41.6,Foggia,15.11,Casalvecchio di Puglia,PUGLIA,ITALY
71030,41.45,Foggia,15.96,Zapponeta,PUGLIA,ITALY
71030,41.48,Foggia,15.11,Volturino,PUGLIA,ITALY
71030,41.5,Foggia,15.05,Volturara Appula,PUGLIA,ITALY
71030,41.58,Foggia,14.96,San Marco la Catola,PUGLIA,ITALY
71030,41.71,Foggia,16.05,Mattinata,PUGLIA,ITALY
71030,41.6,Foggia,14.96,Carlantino,PUGLIA,ITALY
71031,41.43,Foggia,15.11,Alberona,PUGLIA,ITALY
71032,41.4,Foggia,15.2,Biccari,PUGLIA,ITALY
71033,41.61,Foggia,15.1,Casalnuovo Monterotaro,PUGLIA,ITALY
71034,41.58,Foggia,15.11,Castelnuovo della Daunia,PUGLIA,ITALY
71035,41.56,Foggia,14.98,Celenza Valfortore,PUGLIA,ITALY
71036,41.5,Foggia,15.33,Lucera,PUGLIA,ITALY
71037,41.7,Foggia,15.96,Monte Sant'Angelo,PUGLIA,ITALY
71038,41.55,Foggia,15.13,Pietramontecorvino,PUGLIA,ITALY
71039,41.36,Foggia,15.1,Roseto Valfortore,PUGLIA,ITALY
71040,42.11,Foggia,15.25,Isole Tremiti,PUGLIA,ITALY
71040,41.31,Foggia,15.63,Ordona,PUGLIA,ITALY
71041,41.36,Foggia,15.7,Carapelle,PUGLIA,ITALY
71042,41.26,Foggia,15.9,Cerignola,PUGLIA,ITALY
71043,41.63,Foggia,15.91,Manfredonia,PUGLIA,ITALY
71044,41.36,Foggia,16.15,Margherita di Savoia,PUGLIA,ITALY
71045,41.33,Foggia,15.71,Orta Nova,PUGLIA,ITALY
71046,41.3,Foggia,16.06,San Ferdinando di Puglia,PUGLIA,ITALY
71047,41.28,Foggia,15.76,Stornara,PUGLIA,ITALY
71048,41.25,Foggia,15.73,Stornarella,PUGLIA,ITALY
71049,41.35,Foggia,16.1,Trinitapoli,PUGLIA,ITALY
71100,41.46,Foggia,15.56,Foggia,PUGLIA,ITALY
72012,40.7,Brindisi,17.66,Carovigno,PUGLIA,ITALY
72013,40.65,Brindisi,17.51,Ceglie Messapica,PUGLIA,ITALY
72014,40.75,Brindisi,17.41,Cisternino,PUGLIA,ITALY
72015,40.83,Brindisi,17.36,Fasano,PUGLIA,ITALY
72017,40.73,Brindisi,17.58,Ostuni,PUGLIA,ITALY
72018,40.63,Brindisi,17.63,San Michele Salentino,PUGLIA,ITALY
72019,40.65,Brindisi,17.7,San Vito dei Normanni,PUGLIA,ITALY
72020,40.48,Brindisi,18.05,Torchiarolo,PUGLIA,ITALY
72020,40.43,Brindisi,17.73,Erchie,PUGLIA,ITALY
72020,40.46,Brindisi,17.96,Cellino San Marco,PUGLIA,ITALY
72021,40.53,Brindisi,17.58,Francavilla Fontana,PUGLIA,ITALY
72022,40.55,Brindisi,17.71,Latiano,PUGLIA,ITALY
72023,40.56,Brindisi,17.8,Mesagne,PUGLIA,ITALY
72024,40.5,Brindisi,17.63,Oria,PUGLIA,ITALY
72025,40.45,Brindisi,17.91,San Donaci,PUGLIA,ITALY
72026,40.41,Brindisi,17.83,San Pancrazio Salentino,PUGLIA,ITALY
72027,40.48,Brindisi,18.05,San Pietro Vernotico,PUGLIA,ITALY
72028,40.46,Brindisi,17.73,Torre Santa Susanna,PUGLIA,ITALY
72029,40.58,Brindisi,17.48,Villa Castelli,PUGLIA,ITALY
72100,40.63,Brindisi,17.93,Brindisi,PUGLIA,ITALY
73010,40.3,Lecce,18.13,Lequile,PUGLIA,ITALY
73010,40.15,Lecce,18.2,Sogliano Cavour,PUGLIA,ITALY
73010,40.18,Lecce,18.2,Soleto,PUGLIA,ITALY
73010,40.33,Lecce,17.96,Veglie,PUGLIA,ITALY
73010,40.4,Lecce,18.13,Surbo,PUGLIA,ITALY
73010,40.26,Lecce,18.25,Caprarica di Lecce,PUGLIA,ITALY
73010,40.26,Lecce,17.9,Porto Cesareo,PUGLIA,ITALY
73010,40.33,Lecce,18.1,Arnesano,PUGLIA,ITALY
73010,40.2,Lecce,18.25,Zollino,PUGLIA,ITALY
73010,40.21,Lecce,18.23,Sternatia,PUGLIA,ITALY
73010,40.4,Lecce,17.95,Guagnano,PUGLIA,ITALY
73010,40.26,Lecce,18.18,San Donato di Lecce,PUGLIA,ITALY
73010,40.3,Lecce,18.11,San Pietro in Lama,PUGLIA,ITALY
73011,40.06,Lecce,18.05,Alezio,PUGLIA,ITALY
73012,40.4,Lecce,18.01,Campi Salentina,PUGLIA,ITALY
73013,40.16,Lecce,18.16,Galatina,PUGLIA,ITALY
73014,40.06,Lecce,18.05,Gallipoli,PUGLIA,ITALY
73015,40.38,Lecce,17.96,Salice Salentino,PUGLIA,ITALY
73016,40.3,Lecce,18.16,San Cesario di Lecce,PUGLIA,ITALY
73017,40.1,Lecce,18.06,Sannicola,PUGLIA,ITALY
73018,40.43,Lecce,18.05,Squinzano,PUGLIA,ITALY
73019,40.4,Lecce,18.06,Trepuzzi,PUGLIA,ITALY
73020,40.1,Lecce,18.3,Scorrano,PUGLIA,ITALY
73020,40.16,Lecce,18.36,Cannole,PUGLIA,ITALY
73020,40.03,Lecce,18.46,Santa Cesarea Terme,PUGLIA,ITALY
73020,40.15,Lecce,18.3,Melpignano,PUGLIA,ITALY
73020,40.23,Lecce,18.25,Martignano,PUGLIA,ITALY
73020,40.2,Lecce,18.33,Carpignano Salentino,PUGLIA,ITALY
73020,40.06,Lecce,18.31,Botrugno,PUGLIA,ITALY
73020,40.15,Lecce,18.35,Bagnolo del Salento,PUGLIA,ITALY
73020,40.26,Lecce,18.26,Castri di Lecce,PUGLIA,ITALY
73020,40.1,Lecce,18.45,Uggiano la Chiesa,PUGLIA,ITALY
73020,40.13,Lecce,18.38,Palmariggi,PUGLIA,ITALY
73020,40.31,Lecce,18.2,Cavallino,PUGLIA,ITALY
73020,40.05,Lecce,18.33,San Cassiano,PUGLIA,ITALY
73020,40.11,Lecce,18.43,Giurdignano,PUGLIA,ITALY
73020,40.15,Lecce,18.31,Cursi,PUGLIA,ITALY
73020,40.2,Lecce,18.3,Castrignano de' Greci,PUGLIA,ITALY
73020,40.13,Lecce,18.2,Cutrofiano,PUGLIA,ITALY
73020,40.03,Lecce,18.33,Nociglia,PUGLIA,ITALY
73021,40.25,Lecce,18.28,Calimera,PUGLIA,ITALY
73022,40.16,Lecce,18.25,Corigliano d'Otranto,PUGLIA,ITALY
73023,40.3,Lecce,18.21,Lizzanello,PUGLIA,ITALY
73024,40.11,Lecce,18.3,Maglie,PUGLIA,ITALY
73025,40.2,Lecce,18.3,Martano,PUGLIA,ITALY
73026,40.26,Lecce,18.33,Melendugno,PUGLIA,ITALY
73027,40.1,Lecce,18.43,Minervino di Lecce,PUGLIA,ITALY
73028,40.15,Lecce,18.48,Otranto,PUGLIA,ITALY
73029,40.28,Lecce,18.3,Vernole,PUGLIA,ITALY
73030,40.01,Lecce,18.4,Diso,PUGLIA,ITALY
73030,40.01,Lecce,18.4,Castro,PUGLIA,ITALY
73030,40.03,Lecce,18.4,Ortelle,PUGLIA,ITALY
73030,40.1,Lecce,18.36,Giuggianello,PUGLIA,ITALY
73030,39.98,Lecce,18.31,Montesano Salentino,PUGLIA,ITALY
73030,39.9,Lecce,18.36,Tiggiano,PUGLIA,ITALY
73030,40.08,Lecce,18.35,Sanarica,PUGLIA,ITALY
73030,40.03,Lecce,18.35,Surano,PUGLIA,ITALY
73031,39.88,Lecce,18.33,Alessano,PUGLIA,ITALY
73032,39.98,Lecce,18.38,Andrano,PUGLIA,ITALY
73033,39.88,Lecce,18.36,Corsano,PUGLIA,ITALY
73034,39.85,Lecce,18.36,Gagliano del Capo,PUGLIA,ITALY
73035,39.96,Lecce,18.31,Miggiano,PUGLIA,ITALY
73036,40.1,Lecce,18.33,Muro Leccese,PUGLIA,ITALY
73037,40.05,Lecce,18.38,Poggiardo,PUGLIA,ITALY
73038,40.01,Lecce,18.36,Spongano,PUGLIA,ITALY
73039,39.93,Lecce,18.36,Tricase,PUGLIA,ITALY
73040,40.13,Lecce,18.13,Aradeo,PUGLIA,ITALY
73040,40.1,Lecce,18.11,Neviano,PUGLIA,ITALY
73040,40.01,Lecce,18.25,Supersano,PUGLIA,ITALY
73040,39.85,Lecce,18.31,Morciano di Leuca,PUGLIA,ITALY
73040,39.91,Lecce,18.25,Acquarica del Capo,PUGLIA,ITALY
73040,40.06,Lecce,18.16,Collepasso,PUGLIA,ITALY
73040,39.83,Lecce,18.35,Castrignano del Capo,PUGLIA,ITALY
73040,39.95,Lecce,18.08,Alliste,PUGLIA,ITALY
73040,39.94,Lecce,18.3,Specchia,PUGLIA,ITALY
73040,39.96,Lecce,18.13,Melissano,PUGLIA,ITALY
73041,40.35,Lecce,18.05,Carmiano,PUGLIA,ITALY
73042,40.01,Lecce,18.16,Casarano,PUGLIA,ITALY
73043,40.26,Lecce,18.05,Copertino,PUGLIA,ITALY
73044,40.15,Lecce,18.06,Galatone,PUGLIA,ITALY
73045,40.28,Lecce,18.08,Leverano,PUGLIA,ITALY
73046,40.03,Lecce,18.13,Matino,PUGLIA,ITALY
73047,40.33,Lecce,18.1,Monteroni di Lecce,PUGLIA,ITALY
73048,40.18,Lecce,18.03,Nardò,PUGLIA,ITALY
73049,39.98,Lecce,18.25,Ruffano,PUGLIA,ITALY
73050,40.13,Lecce,18.1,Seclì,PUGLIA,ITALY
73050,39.86,Lecce,18.3,Salve,PUGLIA,ITALY
73051,40.38,Lecce,18.05,Novoli,PUGLIA,ITALY
73052,40.05,Lecce,18.13,Parabita,PUGLIA,ITALY
73053,39.85,Lecce,18.33,Patù,PUGLIA,ITALY
73054,39.9,Lecce,18.26,Presicce,PUGLIA,ITALY
73055,39.96,Lecce,18.1,Racale,PUGLIA,ITALY
73056,39.95,Lecce,18.16,Taurisano,PUGLIA,ITALY
73057,39.98,Lecce,18.08,Taviano,PUGLIA,ITALY
73058,40.06,Lecce,18.1,Tuglie,PUGLIA,ITALY
73059,39.93,Lecce,18.16,Ugento,PUGLIA,ITALY
73100,40.35,Lecce,18.16,Lecce,PUGLIA,ITALY
74010,40.56,Taranto,17.2,Statte,PUGLIA,ITALY
74011,40.63,Taranto,16.93,Castellaneta,PUGLIA,ITALY
74012,40.6,Taranto,17.23,Crispiano,PUGLIA,ITALY
74013,40.58,Taranto,16.75,Ginosa,PUGLIA,ITALY
74014,40.63,Taranto,16.8,Laterza,PUGLIA,ITALY
74015,40.7,Taranto,17.33,Martina Franca,PUGLIA,ITALY
74016,40.58,Taranto,17.11,Massafra,PUGLIA,ITALY
74017,40.63,Taranto,17.03,Mottola,PUGLIA,ITALY
74018,40.61,Taranto,16.96,Palagianello,PUGLIA,ITALY
74019,40.58,Taranto,17.05,Palagiano,PUGLIA,ITALY
74020,40.45,Taranto,17.41,Monteparano,PUGLIA,ITALY
74020,40.35,Taranto,17.5,Torricella,PUGLIA,ITALY
74020,40.56,Taranto,17.33,Montemesola,PUGLIA,ITALY
74020,40.43,Taranto,17.4,Roccaforzata,PUGLIA,ITALY
74020,40.38,Taranto,17.33,Leporano,PUGLIA,ITALY
74020,40.45,Taranto,17.5,San Marzano di San Giuseppe,PUGLIA,ITALY
74020,40.4,Taranto,17.45,Lizzano,PUGLIA,ITALY
74020,40.5,Taranto,17.38,Monteiasi,PUGLIA,ITALY
74020,40.41,Taranto,17.38,Faggiano,PUGLIA,ITALY
74020,40.35,Taranto,17.73,Avetrana,PUGLIA,ITALY
74020,40.31,Taranto,17.56,Maruggio,PUGLIA,ITALY
74021,40.46,Taranto,17.4,Carosino,PUGLIA,ITALY
74022,40.43,Taranto,17.46,Fragagnano,PUGLIA,ITALY
74023,40.53,Taranto,17.43,Grottaglie,PUGLIA,ITALY
74024,40.4,Taranto,17.63,Manduria,PUGLIA,ITALY
74025,40.42,Taranto,16.88,MARINA DI GINOSA,PUGLIA,ITALY
74026,40.38,Taranto,17.35,Pulsano,PUGLIA,ITALY
74027,40.45,Taranto,17.36,San Giorgio Ionico,PUGLIA,ITALY
74028,40.4,Taranto,17.56,Sava,PUGLIA,ITALY
74029,40.4,Taranto,17.28,TALSANO,PUGLIA,ITALY
74100,40.46,Taranto,17.23,Taranto,PUGLIA,ITALY
75010,40.31,Matera,16.23,Aliano,BASILICATA,ITALY
75010,40.56,Matera,16.5,Miglionico,BASILICATA,ITALY
75010,40.6,Matera,16.38,Grottole,BASILICATA,ITALY
75010,40.53,Matera,16.18,Oliveto Lucano,BASILICATA,ITALY
75010,40.55,Matera,16.23,Garaguso,BASILICATA,ITALY
75010,40.38,Matera,16.43,Craco,BASILICATA,ITALY
75010,40.4,Matera,16.16,Cirigliano,BASILICATA,ITALY
75010,40.48,Matera,16.25,San Mauro Forte,BASILICATA,ITALY
75010,40.58,Matera,16.2,Calciano,BASILICATA,ITALY
75010,40.4,Matera,16.15,Gorgoglione,BASILICATA,ITALY
75011,40.48,Matera,16.15,Accettura,BASILICATA,ITALY
75012,40.41,Matera,16.68,Bernalda,BASILICATA,ITALY
75013,40.5,Matera,16.45,Ferrandina,BASILICATA,ITALY
75014,40.63,Matera,16.28,Grassano,BASILICATA,ITALY
75015,40.38,Matera,16.55,Pisticci,BASILICATA,ITALY
75016,40.51,Matera,16.55,Pomarico,BASILICATA,ITALY
75017,40.53,Matera,16.31,Salandra,BASILICATA,ITALY
75018,40.4,Matera,16.23,Stigliano,BASILICATA,ITALY
75019,40.61,Matera,16.15,Tricarico,BASILICATA,ITALY
75020,40.25,Matera,16.7,Scanzano Jonico,BASILICATA,ITALY
75020,40.15,Matera,16.53,Nova Siri,BASILICATA,ITALY
75021,40.18,Matera,16.43,Colobraro,BASILICATA,ITALY
75022,40.75,Matera,16.23,Irsina,BASILICATA,ITALY
75023,40.28,Matera,16.56,Montalbano Jonico,BASILICATA,ITALY
75024,40.55,Matera,16.66,Montescaglioso,BASILICATA,ITALY
75025,40.2,Matera,16.66,Policoro,BASILICATA,ITALY
75026,40.16,Matera,16.51,Rotondella,BASILICATA,ITALY
75027,40.11,Matera,16.38,San Giorgio Lucano,BASILICATA,ITALY
75028,40.25,Matera,16.46,Tursi,BASILICATA,ITALY
75029,40.16,Matera,16.45,Valsinni,BASILICATA,ITALY
75100,40.66,Matera,16.6,Matera,BASILICATA,ITALY
80010,40.91,Napoli,14.2,Villaricca,CAMPANIA,ITALY
80010,40.88,Napoli,14.13,Quarto,CAMPANIA,ITALY
80011,40.95,Napoli,14.36,Acerra,CAMPANIA,ITALY
80012,40.9,Napoli,14.18,Calvizzano,CAMPANIA,ITALY
80013,40.91,Napoli,14.35,Casalnuovo di Napoli,CAMPANIA,ITALY
80014,40.93,Napoli,14.2,Giugliano in Campania,CAMPANIA,ITALY
80015,40.91,Napoli,14.35,LICIGNANO DI NAPOLI,CAMPANIA,ITALY
80016,40.9,Napoli,14.18,Marano di Napoli,CAMPANIA,ITALY
80017,40.91,Napoli,14.23,Melito di Napoli,CAMPANIA,ITALY
80018,40.91,Napoli,14.2,Mugnano di Napoli,CAMPANIA,ITALY
80019,40.91,Napoli,14.15,Qualiano,CAMPANIA,ITALY
80020,40.95,Napoli,14.26,Frattaminore,CAMPANIA,ITALY
80020,40.84,Napoli,14.25,Napoli,CAMPANIA,ITALY
80020,40.9,Napoli,14.26,Casavatore,CAMPANIA,ITALY
80020,40.95,Napoli,14.28,Crispano,CAMPANIA,ITALY
80021,40.91,Napoli,14.31,Afragola,CAMPANIA,ITALY
80022,40.91,Napoli,14.26,Arzano,CAMPANIA,ITALY
80023,40.95,Napoli,14.3,Caivano,CAMPANIA,ITALY
80024,40.95,Napoli,14.3,Cardito,CAMPANIA,ITALY
80025,40.93,Napoli,14.25,Casandrino,CAMPANIA,ITALY
80026,40.9,Napoli,14.3,Casoria,CAMPANIA,ITALY
80026,40.84,Napoli,14.25,Napoli,CAMPANIA,ITALY
80027,40.93,Napoli,14.28,Frattamaggiore,CAMPANIA,ITALY
80028,40.93,Napoli,14.26,Grumo Nevano,CAMPANIA,ITALY
80029,40.95,Napoli,14.23,Sant'Antimo,CAMPANIA,ITALY
80030,40.91,Napoli,14.48,Scisciano,CAMPANIA,ITALY
80030,40.88,Napoli,14.58,Carbonara di Nola,CAMPANIA,ITALY
80030,40.95,Napoli,14.53,Camposano,CAMPANIA,ITALY
80030,40.95,Napoli,14.56,Tufino,CAMPANIA,ITALY
80030,40.93,Napoli,14.53,Cimitile,CAMPANIA,ITALY
80030,40.91,Napoli,14.58,Visciano,CAMPANIA,ITALY
80030,40.93,Napoli,14.48,San Vitaliano,CAMPANIA,ITALY
80030,40.91,Napoli,14.55,San Paolo Bel Sito,CAMPANIA,ITALY
80030,40.91,Napoli,14.41,Castello di Cisterna,CAMPANIA,ITALY
80030,40.9,Napoli,14.56,Liveri,CAMPANIA,ITALY
80030,40.91,Napoli,14.43,Mariglianella,CAMPANIA,ITALY
80030,40.96,Napoli,14.56,Roccarainola,CAMPANIA,ITALY
80030,40.95,Napoli,14.55,Comiziano,CAMPANIA,ITALY
80031,40.91,Napoli,14.41,Brusciano,CAMPANIA,ITALY
80032,40.93,Napoli,14.55,Casamarciano,CAMPANIA,ITALY
80033,40.96,Napoli,14.53,Cicciano,CAMPANIA,ITALY
80034,40.93,Napoli,14.45,Marigliano,CAMPANIA,ITALY
80035,40.93,Napoli,14.53,Nola,CAMPANIA,ITALY
80036,40.86,Napoli,14.55,Palma Campania,CAMPANIA,ITALY
80038,40.91,Napoli,14.4,Pomigliano d'Arco,CAMPANIA,ITALY
80039,40.91,Napoli,14.51,Saviano,CAMPANIA,ITALY
80040,40.83,Napoli,14.36,San Sebastiano al Vesuvio,CAMPANIA,ITALY
80040,40.8,Napoli,14.55,Poggiomarino,CAMPANIA,ITALY
80040,40.86,Napoli,14.35,Cercola,CAMPANIA,ITALY
80040,40.86,Napoli,14.53,San Gennaro Vesuviano,CAMPANIA,ITALY
80040,40.88,Napoli,14.33,Volla,CAMPANIA,ITALY
80040,40.76,Napoli,14.43,Trecase,CAMPANIA,ITALY
80040,40.83,Napoli,14.36,Massa di Somma,CAMPANIA,ITALY
80040,40.8,Napoli,14.5,Terzigno,CAMPANIA,ITALY
80040,40.85,Napoli,14.38,Pollena Trocchia,CAMPANIA,ITALY
80040,40.81,Napoli,14.56,Striano,CAMPANIA,ITALY
80041,40.76,Napoli,14.48,Boscoreale,CAMPANIA,ITALY
80042,40.78,Napoli,14.46,Boscotrecase,CAMPANIA,ITALY
80043,40.86,Napoli,14.38,MADONNA DELL'ARCO,CAMPANIA,ITALY
80044,40.85,Napoli,14.48,Ottaviano,CAMPANIA,ITALY
80045,40.75,Napoli,14.5,Pompei,CAMPANIA,ITALY
80046,40.84,Napoli,14.25,Napoli,CAMPANIA,ITALY
80046,40.83,Napoli,14.33,San Giorgio a Cremano,CAMPANIA,ITALY
80047,40.83,Napoli,14.5,San Giuseppe Vesuviano,CAMPANIA,ITALY
80048,40.86,Napoli,14.4,Sant'Anastasia,CAMPANIA,ITALY
80049,40.86,Napoli,14.43,Somma Vesuviana,CAMPANIA,ITALY
80050,40.71,Napoli,14.51,Santa Maria la Carità,CAMPANIA,ITALY
80050,40.7,Napoli,14.55,Lettere,CAMPANIA,ITALY
80050,40.7,Napoli,14.53,Casola di Napoli,CAMPANIA,ITALY
80050,40.66,Napoli,14.51,Pimonte,CAMPANIA,ITALY
80051,40.63,Napoli,14.55,Agerola,CAMPANIA,ITALY
80053,40.7,Napoli,14.48,Castellammare di Stabia,CAMPANIA,ITALY
80054,40.68,Napoli,14.51,Gragnano,CAMPANIA,ITALY
80055,40.84,Napoli,14.25,Napoli,CAMPANIA,ITALY
80055,40.81,Napoli,14.34,Portici,CAMPANIA,ITALY
80056,40.8,Napoli,14.35,Ercolano,CAMPANIA,ITALY
80057,40.73,Napoli,14.55,Sant'Antonio Abate,CAMPANIA,ITALY
80058,40.75,Napoli,14.45,Torre Annunziata,CAMPANIA,ITALY
80059,40.78,Napoli,14.36,Torre del Greco,CAMPANIA,ITALY
80061,40.61,Napoli,14.35,Massa Lubrense,CAMPANIA,ITALY
80062,40.63,Napoli,14.41,Meta,CAMPANIA,ITALY
80063,40.63,Napoli,14.41,Piano di Sorrento,CAMPANIA,ITALY
80064,40.6,Napoli,14.37,SANT'AGATA SUI DUE GOLFI,CAMPANIA,ITALY
80065,40.63,Napoli,14.4,Sant'Agnello,CAMPANIA,ITALY
80066,43.93,Napoli,11.03,FORNACELLE,CAMPANIA,ITALY
80067,40.63,Napoli,14.38,Sorrento,CAMPANIA,ITALY
80069,40.66,Napoli,14.43,Vico Equense,CAMPANIA,ITALY
80070,40.71,Napoli,13.91,Barano d'Ischia,CAMPANIA,ITALY
80070,40.8,Napoli,14.05,Monte di Procida,CAMPANIA,ITALY
80070,40.71,Napoli,13.9,Serrara Fontana,CAMPANIA,ITALY
80070,40.8,Napoli,14.08,Bacoli,CAMPANIA,ITALY
80071,40.55,Napoli,14.21,Anacapri,CAMPANIA,ITALY
80073,40.55,Napoli,14.25,Capri,CAMPANIA,ITALY
80074,40.75,Napoli,13.91,Casamicciola Terme,CAMPANIA,ITALY
80075,40.73,Napoli,13.85,Forio,CAMPANIA,ITALY
80076,40.75,Napoli,13.88,Lacco Ameno,CAMPANIA,ITALY
80077,40.75,Napoli,13.95,Ischia,CAMPANIA,ITALY
80078,40.81,Napoli,14.11,Pozzuoli,CAMPANIA,ITALY
80079,40.76,Napoli,14.03,Procida,CAMPANIA,ITALY
80100,40.84,Napoli,14.25,Napoli,CAMPANIA,ITALY
80121,40.84,Napoli,14.25,Napoli,CAMPANIA,ITALY
80122,40.84,Napoli,14.25,Napoli,CAMPANIA,ITALY
80123,40.84,Napoli,14.25,Napoli,CAMPANIA,ITALY
80124,42.86,Napoli,11.55,BAGNOLI,CAMPANIA,ITALY
80124,40.84,Napoli,14.25,Napoli,CAMPANIA,ITALY
80125,40.84,Napoli,14.25,Napoli,CAMPANIA,ITALY
80125,43.41,Napoli,10.73,AGNANO,CAMPANIA,ITALY
80126,40.84,Napoli,14.25,Napoli,CAMPANIA,ITALY
80126,45.72,Napoli,11.27,PIANURA,CAMPANIA,ITALY
80127,40.84,Napoli,14.25,Napoli,CAMPANIA,ITALY
80127,40.83,Napoli,14.23,VOMERO,CAMPANIA,ITALY
80128,40.84,Napoli,14.25,Napoli,CAMPANIA,ITALY
80129,40.84,Napoli,14.25,Napoli,CAMPANIA,ITALY
80131,40.84,Napoli,14.25,Napoli,CAMPANIA,ITALY
80132,40.84,Napoli,14.25,Napoli,CAMPANIA,ITALY
80133,40.84,Napoli,14.25,Napoli,CAMPANIA,ITALY
80134,40.84,Napoli,14.25,Napoli,CAMPANIA,ITALY
80135,40.84,Napoli,14.25,Napoli,CAMPANIA,ITALY
80136,40.84,Napoli,14.25,Napoli,CAMPANIA,ITALY
80137,40.84,Napoli,14.25,Napoli,CAMPANIA,ITALY
80138,40.84,Napoli,14.25,Napoli,CAMPANIA,ITALY
80139,40.84,Napoli,14.25,Napoli,CAMPANIA,ITALY
80141,40.84,Napoli,14.25,Napoli,CAMPANIA,ITALY
80142,40.84,Napoli,14.25,Napoli,CAMPANIA,ITALY
80143,40.84,Napoli,14.25,Napoli,CAMPANIA,ITALY
80144,40.89,Napoli,14.28,SAN PIETRO A PATIERNO,CAMPANIA,ITALY
80144,40.84,Napoli,14.25,Napoli,CAMPANIA,ITALY
80145,40.84,Napoli,14.25,Napoli,CAMPANIA,ITALY
80146,40.83,Napoli,14.31,SAN GIOVANNI A TEDUCCIO,CAMPANIA,ITALY
80146,40.84,Napoli,14.25,Napoli,CAMPANIA,ITALY
80147,40.84,Napoli,14.25,Napoli,CAMPANIA,ITALY
80147,40.83,Napoli,14.31,BARRA,CAMPANIA,ITALY
81010,41.43,Caserta,14.2,Prata Sannita,CAMPANIA,ITALY
81010,41.4,Caserta,14.18,Pratella,CAMPANIA,ITALY
81010,41.26,Caserta,14.3,Dragoni,CAMPANIA,ITALY
81010,41.46,Caserta,14.21,Gallo Matese,CAMPANIA,ITALY
81010,41.45,Caserta,14.16,Ciorlano,CAMPANIA,ITALY
81010,41.45,Caserta,14.25,Letino,CAMPANIA,ITALY
81010,41.3,Caserta,14.45,Gioia Sannitica,CAMPANIA,ITALY
81010,41.38,Caserta,14.2,Ailano,CAMPANIA,ITALY
81010,41.38,Caserta,14.36,San Gregorio Matese,CAMPANIA,ITALY
81010,41.21,Caserta,14.41,Ruviano,CAMPANIA,ITALY
81010,41.41,Caserta,14.25,Valle Agricola,CAMPANIA,ITALY
81010,41.3,Caserta,14.25,Baia e Latina,CAMPANIA,ITALY
81010,41.18,Caserta,14.45,Castel Campagnano,CAMPANIA,ITALY
81011,41.33,Caserta,14.33,Alife,CAMPANIA,ITALY
81012,41.25,Caserta,14.33,Alvignano,CAMPANIA,ITALY
81013,41.18,Caserta,14.36,Caiazzo,CAMPANIA,ITALY
81013,41.16,Caserta,14.33,Piana di Monte Verna,CAMPANIA,ITALY
81014,41.46,Caserta,14.15,Capriati a Volturno,CAMPANIA,ITALY
81014,41.45,Caserta,14.18,Fontegreca,CAMPANIA,ITALY
81016,41.35,Caserta,14.35,Piedimonte Matese,CAMPANIA,ITALY
81016,41.33,Caserta,14.4,San Potito Sannitico,CAMPANIA,ITALY
81016,41.36,Caserta,14.38,Castello del Matese,CAMPANIA,ITALY
81017,41.36,Caserta,14.26,Sant'Angelo d'Alife,CAMPANIA,ITALY
81017,41.36,Caserta,14.25,Raviscanina,CAMPANIA,ITALY
81020,41.06,Caserta,14.28,Casapulla,CAMPANIA,ITALY
81020,41.05,Caserta,14.3,Capodrise,CAMPANIA,ITALY
81020,41.05,Caserta,14.3,Recale,CAMPANIA,ITALY
81020,41.11,Caserta,14.35,Castel Morrone,CAMPANIA,ITALY
81020,41.03,Caserta,14.33,San Marco Evangelista,CAMPANIA,ITALY
81020,41.05,Caserta,14.33,San Nicola la Strada,CAMPANIA,ITALY
81020,41.08,Caserta,14.41,Valle di Maddaloni,CAMPANIA,ITALY,,
81021,41.01,Caserta,14.5,Arienzo,CAMPANIA,ITALY,,
81022,41.06,Caserta,14.31,Casagiove,CAMPANIA,ITALY,,
81023,41.05,Caserta,14.41,Cervino,CAMPANIA,ITALY,,
81024,41.03,Caserta,14.38,Maddaloni,CAMPANIA,ITALY,,
81025,41.03,Caserta,14.3,Marcianise,CAMPANIA,ITALY,,
81027,41.01,Caserta,14.48,San Felice a Cancello,CAMPANIA,ITALY,,
81028,41.03,Caserta,14.48,Santa Maria a Vico,CAMPANIA,ITALY,,
81030,41.18,Caserta,13.98,Carinola,CAMPANIA,ITALY,,
81030,41,Caserta,14.18,Frignano,CAMPANIA,ITALY,,
81030,40.96,Caserta,14.18,Lusciano,CAMPANIA,ITALY,,
81030,41.2,Caserta,13.85,Cellole,CAMPANIA,ITALY,,
81030,40.96,Caserta,14.23,Cesa,CAMPANIA,ITALY,,
81030,41.05,Caserta,13.91,Castel Volturno,CAMPANIA,ITALY, 081 (Villaggio Coppola, Pin
81030,40.98,Caserta,14.23,Gricignano di Aversa,CAMPANIA,ITALY,,
81030,40.46,Caserta,15.48,Sant'Arpino,CAMPANIA,ITALY,,
81030,41,Caserta,14.21,Teverola,CAMPANIA,ITALY
81030,40.96,Caserta,14.16,Parete,CAMPANIA,ITALY
81030,41,Caserta,14.13,Casapesenna,CAMPANIA,ITALY
81030,41.06,Caserta,14.01,Cancello ed Arnone,CAMPANIA,ITALY
81030,41.16,Caserta,13.95,Falciano del Massico,CAMPANIA,ITALY
81030,40.96,Caserta,14.26,Orta di Atella,CAMPANIA,ITALY
81030,40.98,Caserta,14.18,San Marcellino,CAMPANIA,ITALY
81030,40.96,Caserta,14.25,Succivo,CAMPANIA,ITALY
81030,41,Caserta,14.16,Villa di Briano,CAMPANIA,ITALY
81030,41,Caserta,14.2,Casaluce,CAMPANIA,ITALY
81031,40.96,Caserta,14.2,Aversa,CAMPANIA,ITALY
81032,40.98,Caserta,14.21,Carinaro,CAMPANIA,ITALY
81033,41.01,Caserta,14.13,Casal di Principe,CAMPANIA,ITALY
81034,41.1,Caserta,13.88,Mondragone,CAMPANIA,ITALY
81035,41.3,Caserta,13.98,Roccamonfina,CAMPANIA,ITALY
81035,41.3,Caserta,14.03,Marzano Appio,CAMPANIA,ITALY
81036,41,Caserta,14.13,San Cipriano d'Aversa,CAMPANIA,ITALY
81037,41.23,Caserta,13.93,Sessa Aurunca,CAMPANIA,ITALY
81038,40.98,Caserta,14.18,Trentola-Ducenta,CAMPANIA,ITALY
81039,41.01,Caserta,14.06,Villa Literno,CAMPANIA,ITALY
81040,41.21,Caserta,14.28,Liberi,CAMPANIA,ITALY
81040,41.18,Caserta,14.28,Castel di Sasso,CAMPANIA,ITALY
81040,41.38,Caserta,13.88,Rocca d'Evandro,CAMPANIA,ITALY
81040,41.33,Caserta,14.16,Pietravairano,CAMPANIA,ITALY
81040,41.21,Caserta,14.23,Formicola,CAMPANIA,ITALY
81040,41.08,Caserta,14.26,Curti,CAMPANIA,ITALY
81040,41.2,Caserta,14.25,Pontelatone,CAMPANIA,ITALY
81041,41.16,Caserta,14.21,Vitulazio,CAMPANIA,ITALY
81041,41.16,Caserta,14.23,Bellona,CAMPANIA,ITALY
81042,41.23,Caserta,14.15,Rocchetta e Croce,CAMPANIA,ITALY
81042,41.21,Caserta,14.12,Calvi Risorta,CAMPANIA,ITALY
81042,41.2,Caserta,14.2,Giano Vetusto,CAMPANIA,ITALY
81043,41.1,Caserta,14.21,Capua,CAMPANIA,ITALY
81044,41.33,Caserta,14.01,Tora e Piccilli,CAMPANIA,ITALY
81044,41.35,Caserta,13.95,Galluccio,CAMPANIA,ITALY
81044,41.33,Caserta,13.98,Conca della Campania,CAMPANIA,ITALY
81046,41.08,Caserta,14.1,Grazzanise,CAMPANIA,ITALY
81047,41.06,Caserta,14.26,Macerata Campania,CAMPANIA,ITALY
81049,41.45,Caserta,13.96,San Pietro Infine,CAMPANIA,ITALY
81049,41.4,Caserta,13.98,Mignano Monte Lungo,CAMPANIA,ITALY
81050,41.08,Caserta,14.23,San Tammaro,CAMPANIA,ITALY
81050,41.18,Caserta,14.21,Camigliano,CAMPANIA,ITALY
81050,41.18,Caserta,14.05,Francolise,CAMPANIA,ITALY
81050,41.1,Caserta,14.13,Santa Maria la Fossa,CAMPANIA,ITALY
81050,41.18,Caserta,14.2,Pastorano,CAMPANIA,ITALY
81050,41.05,Caserta,14.28,Portico di Caserta,CAMPANIA,ITALY
81050,41.38,Caserta,14.08,Presenzano,CAMPANIA,ITALY
81051,41.26,Caserta,14.18,Pietramelara,CAMPANIA,ITALY
81051,41.26,Caserta,14.21,Roccaromana,CAMPANIA,ITALY
81052,41.2,Caserta,14.16,Pignataro Maggiore,CAMPANIA,ITALY
81053,41.26,Caserta,14.15,Riardo,CAMPANIA,ITALY
81054,41.08,Caserta,14.28,San Prisco,CAMPANIA,ITALY
81055,41.08,Caserta,14.25,Santa Maria Capua Vetere,CAMPANIA,ITALY
81056,41.18,Caserta,14.1,Sparanise,CAMPANIA,ITALY
81057,41.25,Caserta,14.06,Teano,CAMPANIA,ITALY
81058,41.33,Caserta,14.13,Vairano Patenora,CAMPANIA,ITALY
81059,41.3,Caserta,14.08,Caianello,CAMPANIA,ITALY
81100,41.06,Caserta,14.33,Caserta,CAMPANIA,ITALY
82010,41.06,Benevento,14.83,San Martino Sannita,CAMPANIA,ITALY
82010,41.03,Benevento,14.75,Arpaise,CAMPANIA,ITALY
82010,41.06,Benevento,14.81,San Nicola Manfredi,CAMPANIA,ITALY
82010,41.06,Benevento,14.8,Sant'Angelo a Cupolo,CAMPANIA,ITALY
82010,41.05,Benevento,14.76,Ceppaloni,CAMPANIA,ITALY
82010,41.08,Benevento,14.55,Moiano,CAMPANIA,ITALY
82010,41.08,Benevento,14.76,San Leucio del Sannio,CAMPANIA,ITALY
82010,41.08,Benevento,14.56,Bucciano,CAMPANIA,ITALY
82011,41.03,Benevento,14.58,Paolisi,CAMPANIA,ITALY
82011,41.03,Benevento,14.53,Forchia,CAMPANIA,ITALY
82011,41.03,Benevento,14.55,Arpaia,CAMPANIA,ITALY
82011,41.06,Benevento,14.56,Airola,CAMPANIA,ITALY
82013,41.06,Benevento,14.61,Bonea,CAMPANIA,ITALY
82015,41.06,Benevento,14.45,Durazzano,CAMPANIA,ITALY
82016,41.06,Benevento,14.63,Montesarchio,CAMPANIA,ITALY
82017,41.01,Benevento,14.7,Pannarano,CAMPANIA,ITALY
82018,41.06,Benevento,14.86,Calvi,CAMPANIA,ITALY
82018,41.06,Benevento,14.85,San Giorgio del Sannio,CAMPANIA,ITALY
82018,41.05,Benevento,14.86,San Nazzaro,CAMPANIA,ITALY
82019,41.08,Benevento,14.5,Sant'Agata de' Goti,CAMPANIA,ITALY
82020,41.2,Benevento,14.85,Pietrelcina,CAMPANIA,ITALY
82020,41.4,Benevento,14.96,Baselice,CAMPANIA,ITALY
82020,41.35,Benevento,14.81,Circello,CAMPANIA,ITALY
82020,41.21,Benevento,14.98,Buonalbergo,CAMPANIA,ITALY
82020,41.26,Benevento,14.78,Fragneto l'Abate,CAMPANIA,ITALY
82020,41.28,Benevento,14.73,Campolattaro,CAMPANIA,ITALY
82020,41.25,Benevento,14.76,Fragneto Monforte,CAMPANIA,ITALY
82020,41.35,Benevento,14.98,Foiano di Val Fortore,CAMPANIA,ITALY
82020,41.38,Benevento,14.71,Santa Croce del Sannio,CAMPANIA,ITALY
82020,41.23,Benevento,14.81,Pesco Sannita,CAMPANIA,ITALY
82020,41.25,Benevento,14.86,Pago Veiano,CAMPANIA,ITALY
82020,41.3,Benevento,14.91,Molinara,CAMPANIA,ITALY
82020,41.26,Benevento,14.91,San Giorgio La Molara,CAMPANIA,ITALY
82020,41.28,Benevento,14.81,Reino,CAMPANIA,ITALY
82020,41.16,Benevento,14.88,Paduli,CAMPANIA,ITALY
82020,41.28,Benevento,15.03,Ginestra degli Schiavoni,CAMPANIA,ITALY
82021,41.15,Benevento,14.93,Sant'Arcangelo Trimonte,CAMPANIA,ITALY
82021,41.11,Benevento,14.93,Apice,CAMPANIA,ITALY
82022,41.3,Benevento,15.08,Castelfranco in Miscano,CAMPANIA,ITALY
82023,41.45,Benevento,14.93,Castelvetere in Val Fortore,CAMPANIA,ITALY
82024,41.4,Benevento,14.8,Castelpagano,CAMPANIA,ITALY
82024,41.36,Benevento,14.83,Colle Sannita,CAMPANIA,ITALY
82025,41.31,Benevento,15.01,Montefalcone di Val Fortore,CAMPANIA,ITALY
82026,41.33,Benevento,14.66,Morcone,CAMPANIA,ITALY
82026,41.36,Benevento,14.66,Sassinoro,CAMPANIA,ITALY
82027,41.28,Benevento,14.68,Pontelandolfo,CAMPANIA,ITALY
82027,41.26,Benevento,14.7,Casalduni,CAMPANIA,ITALY
82028,41.41,Benevento,15.01,San Bartolomeo in Galdo,CAMPANIA,ITALY
82029,45.38,Benevento,11.05,San Marco dei Cavoti,CAMPANIA,ITALY
82030,41.13,Benevento,14.63,Tocco Caudio,CAMPANIA,ITALY
82030,41.15,Benevento,14.4,Limatola,CAMPANIA,ITALY
82030,41.16,Benevento,14.5,Melizzano,CAMPANIA,ITALY
82030,41.15,Benevento,14.53,Frasso Telesino,CAMPANIA,ITALY
82030,41.13,Benevento,14.65,Campoli del Monte Taburno,CAMPANIA,ITALY
82030,41.26,Benevento,14.55,San Lorenzello,CAMPANIA,ITALY
82030,41.28,Benevento,14.48,Faicchio,CAMPANIA,ITALY
82030,41.1,Benevento,14.7,Apollosa,CAMPANIA,ITALY
82030,41.16,Benevento,14.66,Foglianise,CAMPANIA,ITALY
82030,41.18,Benevento,14.68,Torrecuso,CAMPANIA,ITALY
82030,41.15,Benevento,14.7,Castelpoto,CAMPANIA,ITALY
82030,41.23,Benevento,14.5,San Salvatore Telesino,CAMPANIA,ITALY
82030,41.2,Benevento,14.66,Paupisi,CAMPANIA,ITALY
82030,41.15,Benevento,14.63,Cautano,CAMPANIA,ITALY
82030,41.21,Benevento,14.45,Puglianello,CAMPANIA,ITALY
82030,41.21,Benevento,14.7,Ponte,CAMPANIA,ITALY
82030,41.35,Benevento,14.55,Pietraroja,CAMPANIA,ITALY
82030,41.13,Benevento,14.45,Dugenta,CAMPANIA,ITALY
82031,41.2,Benevento,14.46,Amorosi,CAMPANIA,ITALY
82032,41.28,Benevento,14.55,Cerreto Sannita,CAMPANIA,ITALY
82033,41.35,Benevento,14.5,Cusano Mutri,CAMPANIA,ITALY
82034,41.25,Benevento,14.61,San Lorenzo Maggiore,CAMPANIA,ITALY
82034,41.26,Benevento,14.63,San Lupo,CAMPANIA,ITALY
82034,41.25,Benevento,14.6,Guardia Sanframondi,CAMPANIA,ITALY
82036,41.18,Benevento,14.55,Solopaca,CAMPANIA,ITALY
82037,41.23,Benevento,14.55,Castelvenere,CAMPANIA,ITALY
82037,41.21,Benevento,14.53,Telese Terme,CAMPANIA,ITALY
82038,41.18,Benevento,14.65,Vitulano,CAMPANIA,ITALY
82100,41.13,Benevento,14.78,Benevento,CAMPANIA,ITALY
83010,41.03,Avellino,14.81,Torrioni,CAMPANIA,ITALY
83010,40.95,Avellino,14.76,Capriglia Irpina,CAMPANIA,ITALY
83010,41.05,Avellino,14.78,Chianche,CAMPANIA,ITALY
83010,41.01,Avellino,14.81,Tufo,CAMPANIA,ITALY
83010,41.03,Avellino,14.8,Petruro Irpino,CAMPANIA,ITALY
83010,40.96,Avellino,14.78,Grottolella,CAMPANIA,ITALY
83010,40.95,Avellino,14.75,Summonte,CAMPANIA,ITALY
83010,40.98,Avellino,14.73,Sant'Angelo a Scala,CAMPANIA,ITALY
83011,41,Avellino,14.78,Altavilla Irpina,CAMPANIA,ITALY
83012,41.01,Avellino,14.61,Cervinara,CAMPANIA,ITALY
83013,40.91,Avellino,14.73,Mercogliano,CAMPANIA,ITALY
83014,40.93,Avellino,14.75,Ospedaletto d'Alpinolo,CAMPANIA,ITALY
83015,41,Avellino,14.73,Pietrastornina,CAMPANIA,ITALY
83016,41.01,Avellino,14.71,Roccabascerana,CAMPANIA,ITALY
83017,41.03,Avellino,14.6,Rotondi,CAMPANIA,ITALY
83018,41.01,Avellino,14.66,San Martino Valle Caudina,CAMPANIA,ITALY
83020,40.88,Avellino,14.85,San Michele di Serino,CAMPANIA,ITALY
83020,40.86,Avellino,14.65,Quindici,CAMPANIA,ITALY
83020,40.86,Avellino,14.66,Moschiano,CAMPANIA,ITALY
83020,40.9,Avellino,14.58,Marzano di Nola,CAMPANIA,ITALY
83020,40.86,Avellino,14.86,Santa Lucia di Serino,CAMPANIA,ITALY
83020,40.95,Avellino,14.63,Quadrelle,CAMPANIA,ITALY
83020,40.88,Avellino,14.81,Aiello del Sabato,CAMPANIA,ITALY
83020,40.95,Avellino,14.6,Sperone,CAMPANIA,ITALY
83020,40.88,Avellino,14.63,Taurano,CAMPANIA,ITALY
83020,40.9,Avellino,14.83,Cesinali,CAMPANIA,ITALY
83020,40.86,Avellino,14.76,Contrada,CAMPANIA,ITALY
83020,40.95,Avellino,14.63,Sirignano,CAMPANIA,ITALY
83020,40.9,Avellino,14.6,Pago del Vallo di Lauro,CAMPANIA,ITALY
83020,40.86,Avellino,14.73,Forino,CAMPANIA,ITALY
83020,40.88,Avellino,14.58,Domicella,CAMPANIA,ITALY
83021,40.96,Avellino,14.6,Avella,CAMPANIA,ITALY
83022,40.95,Avellino,14.61,Baiano,CAMPANIA,ITALY
83023,40.88,Avellino,14.63,Lauro,CAMPANIA,ITALY
83024,40.9,Avellino,14.71,Monteforte Irpino,CAMPANIA,ITALY
83025,40.81,Avellino,14.76,Montoro Inferiore,CAMPANIA,ITALY
83026,40.81,Avellino,14.8,Montoro Superiore,CAMPANIA,ITALY
83027,40.93,Avellino,14.63,Mugnano del Cardinale,CAMPANIA,ITALY
83028,40.85,Avellino,14.86,Serino,CAMPANIA,ITALY
83029,40.83,Avellino,14.85,Solofra,CAMPANIA,ITALY
83030,41.03,Avellino,14.85,Santa Paolina,CAMPANIA,ITALY
83030,40.96,Avellino,14.88,Montefalcione,CAMPANIA,ITALY
83030,41,Avellino,14.95,Taurasi,CAMPANIA,ITALY
83030,40.98,Avellino,14.95,Lapio,CAMPANIA,ITALY
83030,41.05,Avellino,14.88,Pietradefusi,CAMPANIA,ITALY
83030,40.95,Avellino,14.85,Manocalzati,CAMPANIA,ITALY
83030,41.23,Avellino,15.18,Savignano Irpino,CAMPANIA,ITALY
83030,41.03,Avellino,14.85,Montefusco,CAMPANIA,ITALY
83030,41.05,Avellino,14.91,Venticano,CAMPANIA,ITALY
83030,41.01,Avellino,14.9,Torre Le Nocelle,CAMPANIA,ITALY
83030,41.25,Avellino,15.25,Montaguto,CAMPANIA,ITALY
83030,41.11,Avellino,15.16,Villanova del Battista,CAMPANIA,ITALY
83030,41.11,Avellino,15.2,Zungoli,CAMPANIA,ITALY
83030,41.1,Avellino,15.03,Melito Irpino,CAMPANIA,ITALY
83030,40.98,Avellino,14.83,Prata di Principato Ultra,CAMPANIA,ITALY
83030,41.25,Avellino,15.16,Greci,CAMPANIA,ITALY
83030,40.96,Avellino,14.81,Montefredane,CAMPANIA,ITALY
83031,41.15,Avellino,15.08,Ariano Irpino,CAMPANIA,ITALY
83032,41.1,Avellino,14.93,Bonito,CAMPANIA,ITALY
83033,41.05,Avellino,14.95,CALORE,CAMPANIA,ITALY
83034,41.23,Avellino,15.01,Casalbore,CAMPANIA,ITALY
83035,40.06,Avellino,15.06,Grottaminarda,CAMPANIA,ITALY
83036,41.05,Avellino,14.93,Mirabella Eclano,CAMPANIA,ITALY
83037,41.2,Avellino,15.03,Montecalvo Irpino,CAMPANIA,ITALY
83038,41.01,Avellino,14.9,Montemiletto,CAMPANIA,ITALY
83039,40.98,Avellino,14.85,Pratola Serra,CAMPANIA,ITALY
83040,41.06,Avellino,15.15,Flumeri,CAMPANIA,ITALY
83040,40.93,Avellino,15.25,Morra De Sanctis,CAMPANIA,ITALY
83040,41,Avellino,15.06,Gesualdo,CAMPANIA,ITALY
83040,41.01,Avellino,15.01,Fontanarosa,CAMPANIA,ITALY
83040,41.01,Avellino,15.1,Frigento,CAMPANIA,ITALY
83040,40.81,Avellino,15.23,Caposele,CAMPANIA,ITALY
83040,40.98,Avellino,15.01,Luogosano,CAMPANIA,ITALY
83040,40.9,Avellino,15.36,Cairano,CAMPANIA,ITALY
83040,40.95,Avellino,14.86,Candida,CAMPANIA,ITALY
83040,40.93,Avellino,15.33,Andretta,CAMPANIA,ITALY
83040,40.86,Avellino,15.3,Conza della Campania,CAMPANIA,ITALY
83040,41.03,Avellino,15.21,Carife,CAMPANIA,ITALY
83040,40.86,Avellino,15.03,Cassano Irpino,CAMPANIA,ITALY
83040,40.95,Avellino,15.21,Guardia Lombardi,CAMPANIA,ITALY
83040,40.78,Avellino,15.21,Calabritto,CAMPANIA,ITALY
83040,40.91,Avellino,14.91,Chiusano di San Domenico,CAMPANIA,ITALY
83040,40.91,Avellino,14.99,Montemarano,CAMPANIA,ITALY
83040,41.05,Avellino,15.18,Castel Baronia,CAMPANIA,ITALY
83040,40.93,Avellino,14.98,Castelvetere sul Calore,CAMPANIA,ITALY
83040,40.93,Avellino,15.05,Castelfranci,CAMPANIA,ITALY
83041,40.98,Avellino,15.46,Aquilonia,CAMPANIA,ITALY
83042,40.91,Avellino,14.83,Atripalda,CAMPANIA,ITALY
83043,40.83,Avellino,15.06,Bagnoli Irpino,CAMPANIA,ITALY
83044,41.01,Avellino,15.38,Bisaccia,CAMPANIA,ITALY
83045,40.9,Avellino,15.43,Calitri,CAMPANIA,ITALY
83046,41.05,Avellino,15.41,Lacedonia,CAMPANIA,ITALY
83047,40.88,Avellino,15.18,Lioni,CAMPANIA,ITALY
83048,40.85,Avellino,15.01,Montella,CAMPANIA,ITALY
83049,40.99,Avellino,15.53,Monteverde,CAMPANIA,ITALY
83050,40.88,Avellino,14.91,Volturara Irpina,CAMPANIA,ITALY
83050,40.91,Avellino,14.88,Salza Irpina,CAMPANIA,ITALY
83050,41.05,Avellino,15.18,San Nicola Baronia,CAMPANIA,ITALY
83050,40.96,Avellino,14.96,San Mango sul Calore,CAMPANIA,ITALY
83050,40.93,Avellino,14.88,Parolise,CAMPANIA,ITALY
83050,41.06,Avellino,15.2,San Sossio Baronia,CAMPANIA,ITALY
83050,40.93,Avellino,14.86,San Potito Ultra,CAMPANIA,ITALY
83050,41.06,Avellino,15.25,Vallesaccarda,CAMPANIA,ITALY
83050,40.9,Avellino,14.86,Santo Stefano del Sole,CAMPANIA,ITALY
83050,40.95,Avellino,15.16,Rocca San Felice,CAMPANIA,ITALY
83050,41.01,Avellino,15.01,Sant'Angelo all'Esca,CAMPANIA,ITALY
83050,40.96,Avellino,15.08,Villamaina,CAMPANIA,ITALY
83050,41.1,Avellino,15.28,Scampitella,CAMPANIA,ITALY
83050,40.75,Avellino,15.2,Senerchia,CAMPANIA,ITALY
83050,40.91,Avellino,14.88,Sorbo Serpico,CAMPANIA,ITALY
83051,40.88,Avellino,15.08,Nusco,CAMPANIA,ITALY
83052,40.96,Avellino,15.03,Paternopoli,CAMPANIA,ITALY
83053,40.85,Avellino,15.36,Sant'Andrea di Conza,CAMPANIA,ITALY
83054,40.93,Avellino,15.18,Sant'Angelo dei Lombardi,CAMPANIA,ITALY
83055,41.01,Avellino,15.1,Sturno,CAMPANIA,ITALY
83056,40.85,Avellino,15.25,Teora,CAMPANIA,ITALY
83057,40.93,Avellino,15.11,Torella dei Lombardi,CAMPANIA,ITALY
83058,41.05,Avellino,15.23,Trevico,CAMPANIA,ITALY
83059,41.03,Avellino,15.25,Vallata,CAMPANIA,ITALY
83100,40.91,Avellino,14.78,Avellino,CAMPANIA,ITALY
84010,40.7,Salerno,14.63,Tramonti,CAMPANIA,ITALY
84010,40.61,Salerno,14.55,Furore,CAMPANIA,ITALY
84010,40.65,Salerno,14.7,Cetara,CAMPANIA,ITALY
84010,40.65,Salerno,14.61,Ravello,CAMPANIA,ITALY
84010,40.71,Salerno,14.6,Corbara,CAMPANIA,ITALY
84010,40.65,Salerno,14.65,Maiori,CAMPANIA,ITALY
84010,40.61,Salerno,14.56,Conca dei Marini,CAMPANIA,ITALY
84010,40.65,Salerno,14.63,Minori,CAMPANIA,ITALY
84010,40.73,Salerno,14.6,Sant'Egidio del Monte Albino,CAMPANIA,ITALY
84010,40.63,Salerno,14.61,Atrani,CAMPANIA,ITALY
84010,40.65,Salerno,14.6,Scala,CAMPANIA,ITALY
84010,40.78,Salerno,14.6,San Valentino Torio,CAMPANIA,ITALY
84010,40.78,Salerno,14.6,San Marzano sul Sarno,CAMPANIA,ITALY
84010,40.61,Salerno,14.53,Praiano,CAMPANIA,ITALY
84011,40.63,Salerno,14.6,Amalfi,CAMPANIA,ITALY
84012,40.73,Salerno,14.56,Angri,CAMPANIA,ITALY
84013,40.7,Salerno,14.7,Cava de' Tirreni,CAMPANIA,ITALY
84014,40.75,Salerno,14.63,Nocera Inferiore,CAMPANIA,ITALY
84015,40.73,Salerno,14.66,Nocera Superiore,CAMPANIA,ITALY
84016,40.73,Salerno,14.61,Pagani,CAMPANIA,ITALY
84017,40.63,Salerno,14.48,Positano,CAMPANIA,ITALY
84018,40.73,Salerno,14.53,Scafati,CAMPANIA,ITALY
84019,40.66,Salerno,14.73,Vietri sul Mare,CAMPANIA,ITALY
84020,40.53,Salerno,15.36,Petina,CAMPANIA,ITALY
84020,40.6,Salerno,15.46,Salvitelle,CAMPANIA,ITALY
84020,40.4,Salerno,15.35,Roscigno,CAMPANIA,ITALY
84020,40.5,Salerno,15.23,Castelcivita,CAMPANIA,ITALY
84020,40.65,Salerno,15.4,San Gregorio Magno,CAMPANIA,ITALY
84020,40.46,Salerno,15.31,Ottati,CAMPANIA,ITALY
84020,40.68,Salerno,15.23,Oliveto Citra,CAMPANIA,ITALY
84020,40.61,Salerno,15.45,Romagnano al Monte,CAMPANIA,ITALY
84020,40.66,Salerno,15.3,Palomonte,CAMPANIA,ITALY
84020,40.73,Salerno,15.28,Colliano,CAMPANIA,ITALY
84020,40.43,Salerno,15.25,Aquara,CAMPANIA,ITALY
84020,40.78,Salerno,15.31,Laviano,CAMPANIA,ITALY
84020,40.8,Salerno,15.31,Santomenna,CAMPANIA,ITALY
84020,40.41,Salerno,15.31,Bellosguardo,CAMPANIA,ITALY
84020,40.51,Salerno,15.2,Controne,CAMPANIA,ITALY
84020,40.81,Salerno,15.31,Castelnuovo di Conza,CAMPANIA,ITALY
84020,40.73,Salerno,15.26,Valva,CAMPANIA,ITALY
84020,40.43,Salerno,15.38,Corleto Monforte,CAMPANIA,ITALY
84020,40.66,Salerno,15.48,Ricigliano,CAMPANIA,ITALY
84021,40.63,Salerno,15.38,Buccino,CAMPANIA,ITALY
84022,40.66,Salerno,15.1,Campagna,CAMPANIA,ITALY
84024,40.63,Salerno,15.23,Contursi Terme,CAMPANIA,ITALY
84025,40.48,Salerno,15.11,Eboli,CAMPANIA,ITALY
84026,40.56,Salerno,15.23,Postiglione,CAMPANIA,ITALY
84027,40.45,Salerno,15.35,Sant'Angelo a Fasanella,CAMPANIA,ITALY
84028,40.58,Salerno,15.18,Serre,CAMPANIA,ITALY
84029,40.56,Salerno,15.3,Sicignano degli Alburni,CAMPANIA,ITALY
84030,40.25,Salerno,15.55,Sanza,CAMPANIA,ITALY
84030,40.61,Salerno,15.45,San Pietro al Tanagro,CAMPANIA,ITALY
84030,40.11,Salerno,15.63,Torraca,CAMPANIA,ITALY
84030,40.16,Salerno,15.55,Caselle in Pittari,CAMPANIA,ITALY
84030,40.35,Salerno,15.53,Monte San Giacomo,CAMPANIA,ITALY
84030,40.45,Salerno,15.55,Atena Lucana,CAMPANIA,ITALY
84030,40.2,Salerno,15.68,Casalbuono,CAMPANIA,ITALY
84030,40.56,Salerno,15.5,Caggiano,CAMPANIA,ITALY
84030,40.55,Salerno,15.45,Pertosa,CAMPANIA,ITALY
84030,40.13,Salerno,15.6,Tortorella,CAMPANIA,ITALY
84030,40.15,Salerno,15.61,Casaletto Spartano,CAMPANIA,ITALY
84030,40.43,Salerno,15.46,San Rufo,CAMPANIA,ITALY
84030,40.13,Salerno,15.55,Morigerati,CAMPANIA,ITALY
84031,40.55,Salerno,15.51,Auletta,CAMPANIA,ITALY
