84032,40.26,Salerno,15.61,Buonabitacolo,CAMPANIA,ITALY
84033,40.28,Salerno,15.7,Montesano sulla Marcellana,CAMPANIA,ITALY
84034,40.33,Salerno,15.66,Padula,CAMPANIA,ITALY
84035,40.51,Salerno,15.5,Polla,CAMPANIA,ITALY
84036,40.4,Salerno,15.6,Sala Consilina,CAMPANIA,ITALY
84037,40.46,Salerno,15.48,Sant'Arsenio,CAMPANIA,ITALY
84038,40.33,Salerno,15.56,Sassano,CAMPANIA,ITALY
84039,40.38,Salerno,15.53,Teggiano,CAMPANIA,ITALY
84040,40.18,Salerno,15.11,Casal Velino,CAMPANIA,ITALY
84040,40.25,Salerno,15.3,Cannalonga,CAMPANIA,ITALY
84040,40.03,Salerno,15.36,Camerota,CAMPANIA,ITALY
84040,40.1,Salerno,15.4,Celle di Bulgheria,CAMPANIA,ITALY
84040,40.3,Salerno,15.3,Campora,CAMPANIA,ITALY
84040,40.18,Salerno,15.43,Alfano,CAMPANIA,ITALY
84040,40.21,Salerno,15.18,Castelnuovo Cilento,CAMPANIA,ITALY
84041,40.17,Salerno,15.02,ACCIAROLI,CAMPANIA,ITALY
84042,40.75,Salerno,15.05,Acerno,CAMPANIA,ITALY
84043,40.35,Salerno,14.98,Agropoli,CAMPANIA,ITALY
84044,40.48,Salerno,15.11,Albanella,CAMPANIA,ITALY
84045,40.53,Salerno,15.13,Altavilla Silentina,CAMPANIA,ITALY
84046,40.15,Salerno,15.18,Ascea,CAMPANIA,ITALY
84047,40.41,Salerno,15.08,Capaccio,CAMPANIA,ITALY
84048,40.28,Salerno,14.95,Castellabate,CAMPANIA,ITALY
84049,40.41,Salerno,15.23,Castel San Lorenzo,CAMPANIA,ITALY
84050,40.16,Salerno,15.31,Cuccaro Vetere,CAMPANIA,ITALY
84050,40.08,Salerno,15.56,Ispani,CAMPANIA,ITALY
84050,40.15,Salerno,15.31,Futani,CAMPANIA,ITALY
84050,40.4,Salerno,15.11,Giungano,CAMPANIA,ITALY
84050,40.35,Salerno,15.23,Magliano Vetere,CAMPANIA,ITALY
84050,40.28,Salerno,15.06,Lustra,CAMPANIA,ITALY
84050,40.3,Salerno,15.03,Laureana Cilento,CAMPANIA,ITALY
84050,40.16,Salerno,15.4,Laurito,CAMPANIA,ITALY
84051,40.06,Salerno,15.31,Centola,CAMPANIA,ITALY
84052,40.2,Salerno,15.25,Ceraso,CAMPANIA,ITALY
84053,40.35,Salerno,15.13,Cicerale,CAMPANIA,ITALY
84055,40.36,Salerno,15.25,Felitto,CAMPANIA,ITALY
84056,40.28,Salerno,15.21,Gioi,CAMPANIA,ITALY
84057,40.33,Salerno,15.33,Laurino,CAMPANIA,ITALY
84058,40.14,Salerno,15.16,MARINA DI ASCEA,CAMPANIA,ITALY
84059,40,Salerno,15.37,MARINA DI CAMEROTA,CAMPANIA,ITALY
84060,40.33,Salerno,15.06,Prignano Cilento,CAMPANIA,ITALY
84060,40.11,Salerno,15.43,Roccagloriosa,CAMPANIA,ITALY
84060,40.25,Salerno,15.01,Perdifumo,CAMPANIA,ITALY
84060,40.3,Salerno,15.16,Orria,CAMPANIA,ITALY
84060,40.16,Salerno,15.36,Montano Antilia,CAMPANIA,ITALY
84060,40.21,Salerno,15.28,Novi Velia,CAMPANIA,ITALY
84060,40.25,Salerno,15.26,Moio della Civitella,CAMPANIA,ITALY
84060,40.26,Salerno,14.98,Montecorice,CAMPANIA,ITALY
84060,40.36,Salerno,15.2,Monteforte Cilento,CAMPANIA,ITALY
84060,40.25,Salerno,15.06,Omignano,CAMPANIA,ITALY
84060,40.3,Salerno,15.15,Perito,CAMPANIA,ITALY
84061,40.35,Salerno,15.05,Ogliastro Cilento,CAMPANIA,ITALY
84062,40.65,Salerno,15.01,Olevano sul Tusciano,CAMPANIA,ITALY
84063,40.4,Salerno,15,PAESTUM,CAMPANIA,ITALY
84064,40.03,Salerno,15.28,PALINURO,CAMPANIA,ITALY
84065,40.35,Salerno,15.38,Piaggine,CAMPANIA,ITALY
84066,40.11,Salerno,15.23,Pisciotta,CAMPANIA,ITALY
84067,40.07,Salerno,15.51,POLICASTRO BUSSENTINO,CAMPANIA,ITALY
84068,40.18,Salerno,15.06,Pollica,CAMPANIA,ITALY
84069,40.43,Salerno,15.2,Roccadaspide,CAMPANIA,ITALY
84070,40.38,Salerno,15.38,Sacco,CAMPANIA,ITALY
84070,40.1,Salerno,15.55,Santa Marina,CAMPANIA,ITALY
84070,40.4,Salerno,15.11,Trentinara,CAMPANIA,ITALY
84070,40.05,Salerno,15.43,San Giovanni a Piro,CAMPANIA,ITALY
84070,40.25,Salerno,15.01,Serramezzana,CAMPANIA,ITALY
84070,40.23,Salerno,15.1,Stella Cilento,CAMPANIA,ITALY
84070,40.21,Salerno,15.43,Rofrano,CAMPANIA,ITALY
84070,40.25,Salerno,15.18,Salento,CAMPANIA,ITALY
84070,40.11,Salerno,15.28,San Mauro la Bruca,CAMPANIA,ITALY
84070,40.3,Salerno,15.06,Rutino,CAMPANIA,ITALY
84070,40.23,Salerno,15.05,San Mauro Cilento,CAMPANIA,ITALY
84070,40.35,Salerno,15.36,Valle dell'Angelo,CAMPANIA,ITALY
84071,38.03,Salerno,15.15,SAN MARCO,CAMPANIA,ITALY
84072,40.28,Salerno,14.95,SANTA MARIA DI CASTELLABATE,CAMPANIA,ITALY
84073,40.06,Salerno,15.63,Sapri,CAMPANIA,ITALY
84074,40.26,Salerno,15.08,Sessa Cilento,CAMPANIA,ITALY
84075,40.31,Salerno,15.25,Stio,CAMPANIA,ITALY
84076,40.31,Salerno,15.05,Torchiara,CAMPANIA,ITALY
84077,40.13,Salerno,15.46,Torre Orsaia,CAMPANIA,ITALY
84078,40.23,Salerno,15.26,Vallo della Lucania,CAMPANIA,ITALY
84079,40.1,Salerno,15.58,Vibonati,CAMPANIA,ITALY
84080,40.78,Salerno,14.83,Calvanico,CAMPANIA,ITALY
84080,40.73,Salerno,14.75,Pellezzano,CAMPANIA,ITALY
84081,40.75,Salerno,14.76,Baronissi,CAMPANIA,ITALY
84082,40.81,Salerno,14.71,Bracigliano,CAMPANIA,ITALY
84083,40.78,Salerno,14.7,Castel San Giorgio,CAMPANIA,ITALY
84084,40.76,Salerno,14.8,Fisciano,CAMPANIA,ITALY
84085,40.78,Salerno,14.75,Mercato San Severino,CAMPANIA,ITALY
84086,40.75,Salerno,14.68,Roccapiemonte,CAMPANIA,ITALY
84087,40.81,Salerno,14.61,Sarno,CAMPANIA,ITALY
84088,40.8,Salerno,14.7,Siano,CAMPANIA,ITALY
84090,40.73,Salerno,14.85,Castiglione del Genovesi,CAMPANIA,ITALY
84090,40.71,Salerno,14.9,Giffoni Sei Casali,CAMPANIA,ITALY
84090,40.68,Salerno,14.95,Montecorvino Pugliano,CAMPANIA,ITALY
84090,40.7,Salerno,14.83,San Mango Piemonte,CAMPANIA,ITALY
84091,40.61,Salerno,14.98,Battipaglia,CAMPANIA,ITALY
84092,40.61,Salerno,14.95,Bellizzi,CAMPANIA,ITALY
84093,40.66,Salerno,14.9,FAIANO,CAMPANIA,ITALY
84095,40.71,Salerno,14.93,Giffoni Valle Piana,CAMPANIA,ITALY
84096,40.7,Salerno,14.98,Montecorvino Rovella,CAMPANIA,ITALY
84098,40.65,Salerno,14.88,Pontecagnano Faiano,CAMPANIA,ITALY
84099,40.71,Salerno,14.86,San Cipriano Picentino,CAMPANIA,ITALY
84100,40.68,Salerno,14.76,Salerno,CAMPANIA,ITALY
84121,40.68,Salerno,14.76,Salerno,CAMPANIA,ITALY
84122,40.68,Salerno,14.76,Salerno,CAMPANIA,ITALY
84123,40.68,Salerno,14.76,Salerno,CAMPANIA,ITALY
84124,40.68,Salerno,14.76,Salerno,CAMPANIA,ITALY
84125,40.68,Salerno,14.76,Salerno,CAMPANIA,ITALY
84126,40.68,Salerno,14.76,Salerno,CAMPANIA,ITALY
84127,40.68,Salerno,14.76,Salerno,CAMPANIA,ITALY
84128,40.68,Salerno,14.76,Salerno,CAMPANIA,ITALY
84129,40.68,Salerno,14.76,Salerno,CAMPANIA,ITALY
84131,40.68,Salerno,14.76,Salerno,CAMPANIA,ITALY
84132,40.68,Salerno,14.76,Salerno,CAMPANIA,ITALY
84133,40.68,Salerno,14.76,Salerno,CAMPANIA,ITALY
84134,44.55,Salerno,8.93,GIOVI,CAMPANIA,ITALY
84134,40.68,Salerno,14.76,Salerno,CAMPANIA,ITALY
84135,45.9,Salerno,12.73,FRATTE,CAMPANIA,ITALY
84135,40.68,Salerno,14.76,Salerno,CAMPANIA,ITALY
85010,40.86,Potenza,16.01,Banzi,BASILICATA,ITALY
85010,40.51,Potenza,16.06,Pietrapertosa,BASILICATA,ITALY
85010,40.68,Potenza,16.08,San Chirico Nuovo,BASILICATA,ITALY
85010,40.56,Potenza,15.78,Pignola,BASILICATA,ITALY
85010,40.36,Potenza,16.1,Guardia Perticara,BASILICATA,ITALY
85010,40.53,Potenza,16.05,Castelmezzano,BASILICATA,ITALY
85010,40.51,Potenza,15.81,Abriola,BASILICATA,ITALY
85010,40.58,Potenza,16.03,Albano di Lucania,BASILICATA,ITALY
85010,40.51,Potenza,15.91,Anzi,BASILICATA,ITALY
85010,40.3,Potenza,16.06,Armento,BASILICATA,ITALY
85010,40.61,Potenza,15.93,Brindisi Montagna,BASILICATA,ITALY
85010,40.48,Potenza,15.85,Calvello,BASILICATA,ITALY
85010,40.73,Potenza,15.91,Cancellara,BASILICATA,ITALY
85010,40.28,Potenza,16.16,Missanello,BASILICATA,ITALY
85010,40.66,Potenza,15.91,Vaglio Basilicata,BASILICATA,ITALY
85010,40.28,Potenza,16.13,Gallicchio,BASILICATA,ITALY
85010,40.56,Potenza,16.06,Campomaggiore,BASILICATA,ITALY
85011,40.8,Potenza,15.95,Acerenza,BASILICATA,ITALY
85012,40.38,Potenza,16.05,Corleto Perticara,BASILICATA,ITALY
85013,40.85,Potenza,16.03,Genzano di Lucania,BASILICATA,ITALY
85014,40.45,Potenza,15.96,Laurenzana,BASILICATA,ITALY
85015,40.76,Potenza,15.98,Oppido Lucano,BASILICATA,ITALY
85016,40.75,Potenza,15.88,Pietragalla,BASILICATA,ITALY
85017,40.7,Potenza,16.01,Tolve,BASILICATA,ITALY
85018,40.58,Potenza,15.98,Trivigno,BASILICATA,ITALY
85020,40.81,Potenza,15.7,Filiano,BASILICATA,ITALY
85020,40.85,Potenza,15.53,Ruvo del Monte,BASILICATA,ITALY
85020,40.91,Potenza,15.73,Ripacandida,BASILICATA,ITALY
85020,40.86,Potenza,15.65,Atella,BASILICATA,ITALY
85020,40.85,Potenza,15.5,Rapone,BASILICATA,ITALY
85020,40.93,Potenza,15.73,Ginestra,BASILICATA,ITALY
85020,40.83,Potenza,15.4,Pescopagano,BASILICATA,ITALY
85020,41.03,Potenza,15.96,Montemilone,BASILICATA,ITALY
85020,40.81,Potenza,15.53,San Fele,BASILICATA,ITALY
85020,40.91,Potenza,15.83,Maschito,BASILICATA,ITALY
85021,40.73,Potenza,15.71,Avigliano,BASILICATA,ITALY
85022,40.95,Potenza,15.66,Barile,BASILICATA,ITALY
85023,40.86,Potenza,15.85,Forenza,BASILICATA,ITALY
85024,41.05,Potenza,15.8,Lavello,BASILICATA,ITALY
85025,41,Potenza,15.65,Melfi,BASILICATA,ITALY
85026,40.93,Potenza,15.98,Palazzo San Gervasio,BASILICATA,ITALY
85027,40.98,Potenza,15.66,Rapolla,BASILICATA,ITALY
85028,40.91,Potenza,15.66,Rionero in Vulture,BASILICATA,ITALY
85029,40.96,Potenza,15.81,Venosa,BASILICATA,ITALY
85030,40.23,Potenza,16.05,San Martino d'Agri,BASILICATA,ITALY
85030,40.05,Potenza,16.35,Cersosimo,BASILICATA,ITALY
85030,40.15,Potenza,16.15,Calvera,BASILICATA,ITALY
85030,39.98,Potenza,16.3,Terranova di Pollino,BASILICATA,ITALY
85030,40.18,Potenza,16.08,San Chirico Raparo,BASILICATA,ITALY
85030,40.03,Potenza,16.33,San Paolo Albanese,BASILICATA,ITALY
85030,40.01,Potenza,16.13,San Severino Lucano,BASILICATA,ITALY
85030,40.13,Potenza,16.08,Carbone,BASILICATA,ITALY
85030,40.03,Potenza,16.3,San Costantino Albanese,BASILICATA,ITALY
85030,40.18,Potenza,16.18,Castronuovo di Sant'Andrea,BASILICATA,ITALY
85031,40.16,Potenza,15.98,Castelsaraceno,BASILICATA,ITALY
85032,40.13,Potenza,16.15,Teana,BASILICATA,ITALY
85032,40.11,Potenza,16.21,Chiaromonte,BASILICATA,ITALY
85032,40.11,Potenza,16.16,Fardella,BASILICATA,ITALY
85033,40.08,Potenza,16.1,Episcopia,BASILICATA,ITALY
85034,40.08,Potenza,16.2,Francavilla in Sinni,BASILICATA,ITALY
85035,40.08,Potenza,16.33,Noepoli,BASILICATA,ITALY
85036,40.21,Potenza,16.2,Roccanova,BASILICATA,ITALY
85037,40.25,Potenza,16.26,Sant'Arcangelo,BASILICATA,ITALY
85038,40.13,Potenza,16.28,Senise,BASILICATA,ITALY
85040,39.96,Potenza,16.08,Viggianello,BASILICATA,ITALY
85040,40.01,Potenza,15.98,Castelluccio Superiore,BASILICATA,ITALY
85040,40.06,Potenza,15.8,Nemoli,BASILICATA,ITALY
85040,40,Potenza,15.98,Castelluccio Inferiore,BASILICATA,ITALY
85040,40.08,Potenza,15.76,Rivello,BASILICATA,ITALY
85042,40.13,Potenza,15.76,Lagonegro,BASILICATA,ITALY
85043,40.08,Potenza,16.01,Latronico,BASILICATA,ITALY
85044,40.05,Potenza,15.83,Lauria,BASILICATA,ITALY
85046,40,Potenza,15.71,Maratea,BASILICATA,ITALY
85048,39.95,Potenza,16.03,Rotonda,BASILICATA,ITALY
85049,40.03,Potenza,15.76,Trecchina,BASILICATA,ITALY
85050,40.55,Potenza,15.65,Satriano di Lucania,BASILICATA,ITALY
85050,40.26,Potenza,15.96,Spinoso,BASILICATA,ITALY
85050,40.48,Potenza,15.68,Sasso di Castalda,BASILICATA,ITALY
85050,40.25,Potenza,15.88,Sarconi,BASILICATA,ITALY
85050,40.48,Potenza,15.63,Sant'Angelo Le Fratte,BASILICATA,ITALY
85050,40.65,Potenza,15.51,Balvano,BASILICATA,ITALY
85050,40.68,Potenza,15.6,Baragiano,BASILICATA,ITALY
85050,40.28,Potenza,15.88,Grumento Nova,BASILICATA,ITALY
85050,40.56,Potenza,15.55,Savoia di Lucania,BASILICATA,ITALY
85050,40.48,Potenza,15.63,Brienza,BASILICATA,ITALY
85050,40.36,Potenza,15.83,Marsicovetere,BASILICATA,ITALY
85050,40.23,Potenza,15.86,Moliterno,BASILICATA,ITALY
85050,40.78,Potenza,15.43,Castelgrande,BASILICATA,ITALY
85050,40.58,Potenza,15.68,Tito,BASILICATA,ITALY
85050,40.38,Potenza,15.73,Paterno,BASILICATA,ITALY
85051,40.76,Potenza,15.53,Bella,BASILICATA,ITALY
85052,40.41,Potenza,15.73,Marsico Nuovo,BASILICATA,ITALY
85053,40.3,Potenza,15.98,Montemurro,BASILICATA,ITALY
85054,40.75,Potenza,15.48,Muro Lucano,BASILICATA,ITALY
85055,40.63,Potenza,15.63,Picerno,BASILICATA,ITALY
85056,40.71,Potenza,15.68,Ruoti,BASILICATA,ITALY
85057,40.31,Potenza,15.78,Tramutola,BASILICATA,ITALY
85058,40.6,Potenza,15.5,Vietri di Potenza,BASILICATA,ITALY
85059,40.33,Potenza,15.9,Viggiano,BASILICATA,ITALY
85100,40.63,Potenza,15.8,Potenza,BASILICATA,ITALY
86010,41.53,Campobasso,14.66,Ferrazzano,MOLISE,ITALY
86010,41.48,Campobasso,14.95,Tufara,MOLISE,ITALY
86010,41.51,Campobasso,14.66,Mirabello Sannitico,MOLISE,ITALY
86010,41.51,Campobasso,14.73,Gildone,MOLISE,ITALY
86010,41.58,Campobasso,14.58,Oratino,MOLISE,ITALY
86010,41.61,Campobasso,14.56,Castropignano,MOLISE,ITALY
86010,41.58,Campobasso,14.75,San Giovanni in Galdo,MOLISE,ITALY
86010,41.45,Campobasso,14.63,San Giuliano del Sannio,MOLISE,ITALY
86010,41.55,Campobasso,14.55,Busso,MOLISE,ITALY
86010,41.55,Campobasso,14.75,Campodipietra,MOLISE,ITALY
86010,41.58,Campobasso,14.53,Casalciprano,MOLISE,ITALY
86010,41.46,Campobasso,14.66,Cercepiccola,MOLISE,ITALY
86011,41.53,Campobasso,14.55,Baranello,MOLISE,ITALY
86012,41.46,Campobasso,14.71,Cercemaggiore,MOLISE,ITALY
86013,41.5,Campobasso,14.91,Gambatesa,MOLISE,ITALY
86014,41.43,Campobasso,14.55,Guardiaregia,MOLISE,ITALY
86015,41.51,Campobasso,14.8,Jelsi,MOLISE,ITALY
86016,41.48,Campobasso,14.83,Riccia,MOLISE,ITALY
86017,41.4,Campobasso,14.61,Sepino,MOLISE,ITALY
86018,41.56,Campobasso,14.76,Toro,MOLISE,ITALY
86019,41.5,Campobasso,14.58,Vinchiaturo,MOLISE,ITALY
86020,41.66,Campobasso,14.55,Fossalto,MOLISE,ITALY
86020,41.55,Campobasso,14.48,Spinete,MOLISE,ITALY
86020,41.7,Campobasso,14.6,Sant'Angelo Limosano,MOLISE,ITALY
86020,41.46,Campobasso,14.5,San Polo Matese,MOLISE,ITALY
86020,41.66,Campobasso,14.46,Duronia,MOLISE,ITALY
86020,41.7,Campobasso,14.73,Castellino del Biferno,MOLISE,ITALY
86020,41.83,Campobasso,14.6,Roccavivara,MOLISE,ITALY
86020,41.63,Campobasso,14.5,Molise,MOLISE,ITALY
86020,41.45,Campobasso,14.51,Campochiaro,MOLISE,ITALY
86020,41.68,Campobasso,14.51,Pietracupa,MOLISE,ITALY
86020,41.51,Campobasso,14.51,Colle d'Anchise,MOLISE,ITALY
86021,41.48,Campobasso,14.46,Bojano,MOLISE,ITALY
86022,41.68,Campobasso,14.61,Limosano,MOLISE,ITALY
86023,41.65,Campobasso,14.66,Montagano,MOLISE,ITALY
86024,41.68,Campobasso,14.7,Petrella Tifernina,MOLISE,ITALY
86025,41.61,Campobasso,14.66,Ripalimosani,MOLISE,ITALY
86026,41.75,Campobasso,14.51,Salcito,MOLISE,ITALY
86027,41.48,Campobasso,14.41,San Massimo,MOLISE,ITALY
86028,41.63,Campobasso,14.51,Torella del Sannio,MOLISE,ITALY
86029,41.76,Campobasso,14.55,Trivento,MOLISE,ITALY
86030,41.88,Campobasso,14.65,Montemitro,MOLISE,ITALY
86030,41.95,Campobasso,14.71,Mafalda,MOLISE,ITALY
86030,41.96,Campobasso,14.95,San Giacomo degli Schiavoni,MOLISE,ITALY
86030,41.88,Campobasso,14.7,San Felice del Molise,MOLISE,ITALY
86030,41.86,Campobasso,14.75,Acquaviva Collecroce,MOLISE,ITALY
86030,41.76,Campobasso,14.73,Lupara,MOLISE,ITALY
86030,41.61,Campobasso,14.71,Matrice,MOLISE,ITALY
86030,41.78,Campobasso,14.68,Civitacampomarano,MOLISE,ITALY
86030,41.75,Campobasso,14.7,Castelbottaccio,MOLISE,ITALY
86030,41.8,Campobasso,14.8,Guardialfiera,MOLISE,ITALY
86030,41.73,Campobasso,14.68,Lucito,MOLISE,ITALY
86030,41.91,Campobasso,14.76,Tavenna,MOLISE,ITALY
86031,41.83,Campobasso,14.71,Castelmauro,MOLISE,ITALY
86032,41.9,Campobasso,14.83,Montecilfone,MOLISE,ITALY
86033,41.86,Campobasso,14.63,Montefalcone nel Sannio,MOLISE,ITALY
86034,41.91,Campobasso,14.91,Guglionesi,MOLISE,ITALY
86035,41.8,Campobasso,14.91,Larino,MOLISE,ITALY
86036,41.95,Campobasso,14.78,Montenero di Bisaccia,MOLISE,ITALY
86037,41.88,Campobasso,14.78,Palata,MOLISE,ITALY
86038,42.01,Campobasso,14.86,Petacciato,MOLISE,ITALY
86039,42,Campobasso,14.98,Termoli,MOLISE,ITALY
86040,41.6,Campobasso,14.91,Macchia Valfortore,MOLISE,ITALY
86040,41.61,Campobasso,14.81,Monacilioni,MOLISE,ITALY
86040,41.75,Campobasso,14.95,Rotello,MOLISE,ITALY
86040,41.73,Campobasso,14.95,Montelongo,MOLISE,ITALY
86040,41.63,Campobasso,14.76,Campolieto,MOLISE,ITALY
86040,41.58,Campobasso,14.86,Pietracatella,MOLISE,ITALY
86040,41.71,Campobasso,14.78,Morrone del Sannio,MOLISE,ITALY
86040,41.75,Campobasso,14.93,Montorio nei Frentani,MOLISE,ITALY
86040,41.71,Campobasso,14.81,Provvidenti,MOLISE,ITALY
86040,41.68,Campobasso,14.81,Ripabottoni,MOLISE,ITALY
86040,41.68,Campobasso,14.96,San Giuliano di Puglia,MOLISE,ITALY
86041,41.7,Campobasso,14.93,Bonefro,MOLISE,ITALY
86042,41.95,Campobasso,15.03,Campomarino,MOLISE,ITALY
86043,41.73,Campobasso,14.85,Casacalenda,MOLISE,ITALY
86044,41.66,Campobasso,14.96,Colletorto,MOLISE,ITALY
86045,41.91,Campobasso,15.01,Portocannone,MOLISE,ITALY
86046,41.86,Campobasso,15.01,San Martino in Pensilis,MOLISE,ITALY
86047,41.71,Campobasso,14.98,Santa Croce di Magliano,MOLISE,ITALY
86048,41.61,Campobasso,14.88,Sant'Elia a Pianisi,MOLISE,ITALY
86049,41.81,Campobasso,15.01,Ururi,MOLISE,ITALY
86070,41.56,Isernia,14.16,Macchia d'Isernia,MOLISE,ITALY
86070,41.6,Isernia,14.13,Fornelli,MOLISE,ITALY
86070,41.55,Isernia,14.21,Sant'Agapito,MOLISE,ITALY
86070,41.61,Isernia,14.05,Scapoli,MOLISE,ITALY
86070,41.61,Isernia,14.08,Rocchetta a Volturno,MOLISE,ITALY
86070,41.56,Isernia,14.11,Montaquila,MOLISE,ITALY
86071,41.65,Isernia,14.06,Castel San Vincenzo,MOLISE,ITALY
86071,41.66,Isernia,14.03,Pizzone,MOLISE,ITALY
86072,41.65,Isernia,14.13,Cerro al Volturno,MOLISE,ITALY
86073,41.6,Isernia,14.1,Colli a Volturno,MOLISE,ITALY
86074,41.55,Isernia,14.05,Filignano,MOLISE,ITALY
86075,41.51,Isernia,14.16,Monteroduni,MOLISE,ITALY
86077,41.51,Isernia,14.06,Pozzilli,MOLISE,ITALY
86078,41.41,Isernia,14.08,Sesto Campano,MOLISE,ITALY
86079,41.5,Isernia,14.06,Conca Casale,MOLISE,ITALY
86079,41.48,Isernia,14.05,Venafro,MOLISE,ITALY
86080,41.81,Isernia,14.41,Belmonte del Sannio,MOLISE,ITALY
86080,41.88,Isernia,14.3,Pescopennataro,MOLISE,ITALY
86080,41.66,Isernia,14.15,Acquaviva d'Isernia,MOLISE,ITALY
86080,41.88,Isernia,14.25,Sant'Angelo del Pesco,MOLISE,ITALY
86080,41.85,Isernia,14.23,Castel del Giudice,MOLISE,ITALY
86080,41.7,Isernia,14.23,Roccasicura,MOLISE,ITALY
86080,41.71,Isernia,14.06,Montenero Val Cocchiara,MOLISE,ITALY
86081,41.8,Isernia,14.36,Agnone,MOLISE,ITALY
86081,41.76,Isernia,14.4,Castelverrino,MOLISE,ITALY
86082,41.83,Isernia,14.26,Capracotta,MOLISE,ITALY
86083,41.71,Isernia,14.3,Carovilli,MOLISE,ITALY
86084,41.7,Isernia,14.18,Forlì del Sannio,MOLISE,ITALY
86085,41.75,Isernia,14.38,Pietrabbondante,MOLISE,ITALY
86086,41.78,Isernia,14.41,Poggio Sannita,MOLISE,ITALY
86087,41.71,Isernia,14.13,Rionero Sannitico,MOLISE,ITALY
86088,41.79,Isernia,14.18,San Pietro Avellana,MOLISE,ITALY
86089,41.76,Isernia,14.26,Vastogirardi,MOLISE,ITALY
86090,41.56,Isernia,14.28,Pettoranello del Molise,MOLISE,ITALY
86090,41.61,Isernia,14.28,Pesche,MOLISE,ITALY
86090,41.56,Isernia,14.35,Castelpetroso,MOLISE,ITALY
86090,41.51,Isernia,14.3,Castelpizzuto,MOLISE,ITALY
86090,41.51,Isernia,14.25,Longano,MOLISE,ITALY
86091,41.7,Isernia,14.45,Bagnoli del Trigno,MOLISE,ITALY
86092,41.5,Isernia,14.35,Roccamandolfi,MOLISE,ITALY
86092,41.51,Isernia,14.4,Cantalupo nel Sannio,MOLISE,ITALY
86093,41.6,Isernia,14.31,Carpinone,MOLISE,ITALY
86094,41.66,Isernia,14.4,Civitanova del Sannio,MOLISE,ITALY
86095,41.6,Isernia,14.45,Frosolone,MOLISE,ITALY
86095,41.58,Isernia,14.46,Sant'Elena Sannita,MOLISE,ITALY
86096,41.56,Isernia,14.4,Macchiagodena,MOLISE,ITALY
86096,41.55,Isernia,14.36,Santa Maria del Molise,MOLISE,ITALY
86097,41.68,Isernia,14.33,Pescolanciano,MOLISE,ITALY
86097,41.68,Isernia,14.38,Chiauci,MOLISE,ITALY
86097,41.63,Isernia,14.33,Sessano del Molise,MOLISE,ITALY
86100,41.56,Campobasso,14.66,Campobasso,MOLISE,ITALY
86170,41.6,Isernia,14.23,Isernia,MOLISE,ITALY
86170,41.65,Isernia,14.25,Miranda,MOLISE,ITALY
87010,39.71,Cosenza,16.03,San Donato di Ninea,CALABRIA,ITALY
87010,39.76,Cosenza,16.15,Saracena,CALABRIA,ITALY
87010,39.81,Cosenza,16.16,San Basile,CALABRIA,ITALY
87010,39.83,Cosenza,16.31,Civita,CALABRIA,ITALY
87010,39.66,Cosenza,16.03,San Sosti,CALABRIA,ITALY
87010,39.55,Cosenza,16.13,Cervicati,CALABRIA,ITALY
87010,39.48,Cosenza,16.1,San Martino di Finita,CALABRIA,ITALY
87010,39.58,Cosenza,16.06,Santa Caterina Albanese,CALABRIA,ITALY
87010,39.5,Cosenza,16.15,Torano Castello,CALABRIA,ITALY
87010,39.71,Cosenza,16.1,Acquaformosa,CALABRIA,ITALY
87010,39.61,Cosenza,15.98,Sant'Agata di Esaro,CALABRIA,ITALY
87010,39.46,Cosenza,16.13,Lattarico,CALABRIA,ITALY
87010,39.46,Cosenza,16.11,Rota Greca,CALABRIA,ITALY
87010,39.6,Cosenza,16.05,Malvito,CALABRIA,ITALY
87010,39.65,Cosenza,16.33,Terranova da Sibari,CALABRIA,ITALY
87010,39.83,Cosenza,16.26,Frascineto,CALABRIA,ITALY
87010,39.65,Cosenza,16.06,Mottafollone,CALABRIA,ITALY
87010,39.75,Cosenza,16.11,Lungro,CALABRIA,ITALY
87010,39.71,Cosenza,16.16,Firmo,CALABRIA,ITALY
87011,39.78,Cosenza,16.31,Cassano all'Ionio,CALABRIA,ITALY
87012,39.81,Cosenza,16.2,Castrovillari,CALABRIA,ITALY
87013,39.56,Cosenza,16.05,Fagnano Castello,CALABRIA,ITALY
87014,39.95,Cosenza,15.96,Laino Borgo,CALABRIA,ITALY
87015,39.95,Cosenza,15.98,Laino Castello,CALABRIA,ITALY
87016,39.85,Cosenza,16.13,Morano Calabro,CALABRIA,ITALY
87017,39.61,Cosenza,16.15,Roggiano Gravina,CALABRIA,ITALY
87018,39.55,Cosenza,16.11,San Marco Argentano,CALABRIA,ITALY
87019,39.66,Cosenza,16.31,Spezzano Albanese,CALABRIA,ITALY
87020,39.5,Cosenza,15.95,Acquappesa,CALABRIA,ITALY
87020,39.6,Cosenza,15.88,Sangineto,CALABRIA,ITALY
87020,39.81,Cosenza,15.85,Santa Domenica Talao,CALABRIA,ITALY
87020,39.75,Cosenza,15.83,Santa Maria del Cedro,CALABRIA,ITALY
87020,39.71,Cosenza,15.85,Grisolia,CALABRIA,ITALY
87020,39.58,Cosenza,15.9,Bonifati,CALABRIA,ITALY
87020,39.75,Cosenza,15.91,Verbicaro,CALABRIA,ITALY
87020,39.93,Cosenza,15.81,Aieta,CALABRIA,ITALY
87020,39.8,Cosenza,15.91,Orsomarso,CALABRIA,ITALY
87020,39.95,Cosenza,15.8,Tortora,CALABRIA,ITALY
87020,39.86,Cosenza,15.9,Papasidero,CALABRIA,ITALY
87020,39.68,Cosenza,15.88,Buonvicino,CALABRIA,ITALY
87020,39.71,Cosenza,15.85,Maierà,CALABRIA,ITALY
87020,39.46,Cosenza,16,Guardia Piemontese,CALABRIA,ITALY
87020,39.85,Cosenza,15.8,San Nicola Arcella,CALABRIA,ITALY
87021,39.61,Cosenza,15.86,Belvedere Marittimo,CALABRIA,ITALY
87022,39.5,Cosenza,15.95,Cetraro,CALABRIA,ITALY
87023,39.68,Cosenza,15.81,Diamante,CALABRIA,ITALY
87024,39.41,Cosenza,16.03,Fuscaldo,CALABRIA,ITALY
87026,39.88,Cosenza,15.98,Mormanno,CALABRIA,ITALY
87027,39.36,Cosenza,16.03,Paola,CALABRIA,ITALY
87028,39.91,Cosenza,15.76,Praia a Mare,CALABRIA,ITALY
87029,39.81,Cosenza,15.8,Scalea,CALABRIA,ITALY
87030,39.08,Cosenza,16.13,Serra d'Aiello,CALABRIA,ITALY
87030,39.13,Cosenza,16.11,San Pietro in Amantea,CALABRIA,ITALY
87030,39.28,Cosenza,16.08,Falconara Albanese,CALABRIA,ITALY
87030,39.36,Cosenza,16.15,San Vincenzo La Costa,CALABRIA,ITALY
87030,39.15,Cosenza,16.25,Malito,CALABRIA,ITALY
87030,39.25,Cosenza,16.21,Carolei,CALABRIA,ITALY
87030,39.08,Cosenza,16.16,Cleto,CALABRIA,ITALY
87030,41.71,Campobasso,14.6,San Biase,MOLISE,ITALY
87030,39.18,Cosenza,16.28,Belsito,CALABRIA,ITALY
87030,39.21,Cosenza,16.2,Domanico,CALABRIA,ITALY
87030,39.23,Cosenza,16.06,Fiumefreddo Bruzio,CALABRIA,ITALY
87030,39.2,Cosenza,16.08,Longobardi,CALABRIA,ITALY
87031,39.11,Cosenza,16.16,Aiello Calabro,CALABRIA,ITALY
87032,39.13,Cosenza,16.06,Amantea,CALABRIA,ITALY
87033,39.16,Cosenza,16.08,Belmonte Calabro,CALABRIA,ITALY
87034,39.15,Cosenza,16.23,Grimaldi,CALABRIA,ITALY
87035,39.16,Cosenza,16.15,Lago,CALABRIA,ITALY
87036,39.33,Cosenza,16.18,Rende,CALABRIA,ITALY
87037,39.33,Cosenza,16.15,San Fili,CALABRIA,ITALY
87038,39.31,Cosenza,16.05,San Lucido,CALABRIA,ITALY
87040,39.16,Cosenza,16.41,Parenti,CALABRIA,ITALY
87040,39.23,Cosenza,16.26,Paterno Calabro,CALABRIA,ITALY
87040,39.3,Cosenza,16.18,Marano Principato,CALABRIA,ITALY
87040,39.45,Cosenza,16.28,Luzzi,CALABRIA,ITALY
87040,39.61,Cosenza,16.26,Tarsia,CALABRIA,ITALY
87040,39.4,Cosenza,16.28,Rose,CALABRIA,ITALY
87040,39.26,Cosenza,16.2,Mendicino,CALABRIA,ITALY
87040,39.35,Cosenza,16.28,Castiglione Cosentino,CALABRIA,ITALY
87040,39.53,Cosenza,16.11,Mongrassano,CALABRIA,ITALY
87040,39.51,Cosenza,16.11,Cerzeto,CALABRIA,ITALY
87040,39.31,Cosenza,16.2,Castrolibero,CALABRIA,ITALY
87040,39.31,Cosenza,16.16,Marano Marchesato,CALABRIA,ITALY
87040,39.13,Cosenza,16.25,Altilia,CALABRIA,ITALY
87040,39.43,Cosenza,16.11,San Benedetto Ullano,CALABRIA,ITALY
87040,39.66,Cosenza,16.3,San Lorenzo del Vallo,CALABRIA,ITALY
87040,39.31,Cosenza,16.3,Zumpano,CALABRIA,ITALY
87041,39.5,Cosenza,16.38,Acri,CALABRIA,ITALY
87042,39.7,Cosenza,16.13,Altomonte,CALABRIA,ITALY
87043,39.51,Cosenza,16.28,Bisignano,CALABRIA,ITALY
87044,39.28,Cosenza,16.18,Cerisano,CALABRIA,ITALY
87045,39.23,Cosenza,16.25,Dipignano,CALABRIA,ITALY
87046,39.4,Cosenza,16.15,Montalto Uffugo,CALABRIA,ITALY
87047,39.33,Cosenza,16.31,San Pietro in Guarano,CALABRIA,ITALY
87048,39.55,Cosenza,16.33,Santa Sofia d'Epiro,CALABRIA,ITALY
87050,39.23,Cosenza,16.33,Piane Crati,CALABRIA,ITALY
87050,39.2,Cosenza,16.33,Mangone,CALABRIA,ITALY
87050,39.11,Cosenza,16.4,Colosimi,CALABRIA,ITALY
87050,39.23,Cosenza,16.33,Figline Vegliaturo,CALABRIA,ITALY
87050,39.06,Cosenza,16.45,Panettieri,CALABRIA,ITALY
87050,39.31,Cosenza,16.31,Lappano,CALABRIA,ITALY
87050,39.31,Cosenza,16.31,Rovito,CALABRIA,ITALY
87050,39.26,Cosenza,16.33,Pedace,CALABRIA,ITALY
87050,39.28,Cosenza,16.31,Trenta,CALABRIA,ITALY
87050,39.16,Cosenza,16.3,Marzi,CALABRIA,ITALY
87050,39.11,Cosenza,16.3,Pedivigliano,CALABRIA,ITALY
87050,39.1,Cosenza,16.41,Bianchi,CALABRIA,ITALY
87050,39.28,Cosenza,16.35,Spezzano Piccolo,CALABRIA,ITALY
87050,39.21,Cosenza,16.33,Cellara,CALABRIA,ITALY
87050,39.28,Cosenza,16.33,Casole Bruzio,CALABRIA,ITALY
87050,39.28,Cosenza,16.35,Serra Pedace,CALABRIA,ITALY
87050,39.15,Cosenza,16.3,Carpanzano,CALABRIA,ITALY
87050,39.26,Cosenza,16.35,Pietrafitta,CALABRIA,ITALY
87051,39.23,Cosenza,16.35,Aprigliano,CALABRIA,ITALY
87052,39.33,Cosenza,16.45,CAMIGLIATELLO,CALABRIA,ITALY
87053,39.31,Cosenza,16.33,Celico,CALABRIA,ITALY
87054,39.18,Cosenza,16.31,Rogliano,CALABRIA,ITALY
87055,39.26,Cosenza,16.7,San Giovanni in Fiore,CALABRIA,ITALY
87056,39.2,Cosenza,16.31,Santo Stefano di Rogliano,CALABRIA,ITALY
87057,39.13,Cosenza,16.3,Scigliano,CALABRIA,ITALY
87058,39.3,Cosenza,16.35,Spezzano della Sila,CALABRIA,ITALY
87060,39.45,Cosenza,16.88,Scala Coeli,CALABRIA,ITALY
87060,39.56,Cosenza,16.76,Crosia,CALABRIA,ITALY
87060,39.58,Cosenza,16.41,San Cosmo Albanese,CALABRIA,ITALY
87060,39.51,Cosenza,16.71,Cropalati,CALABRIA,ITALY
87060,39.56,Cosenza,16.8,Calopezzati,CALABRIA,ITALY
87060,39.46,Cosenza,16.83,Mandatoriccio,CALABRIA,ITALY
87060,39.56,Cosenza,16.45,San Giorgio Albanese,CALABRIA,ITALY
87060,39.58,Cosenza,16.43,Vaccarizzo Albanese,CALABRIA,ITALY
87060,39.5,Cosenza,16.76,Caloveto,CALABRIA,ITALY
87060,39.46,Cosenza,16.95,Terravecchia,CALABRIA,ITALY
87060,39.53,Cosenza,16.68,Paludi,CALABRIA,ITALY
87060,39.41,Cosenza,16.75,Bocchigliero,CALABRIA,ITALY
87060,39.48,Cosenza,16.81,Pietrapaola,CALABRIA,ITALY
87061,39.41,Cosenza,16.81,Campana,CALABRIA,ITALY
87062,39.5,Cosenza,16.95,Cariati,CALABRIA,ITALY
87064,39.6,Cosenza,16.51,Corigliano Calabro,CALABRIA,ITALY
87066,39.45,Cosenza,16.61,Longobucco,CALABRIA,ITALY
87067,39.56,Cosenza,16.63,Rossano,CALABRIA,ITALY
87068,42.3,Cosenza,13.86,PIRAGINETI,CALABRIA,ITALY
87069,39.56,Cosenza,16.36,San Demetrio Corone,CALABRIA,ITALY
87070,39.98,Cosenza,16.6,Roseto Capo Spulico,CALABRIA,ITALY
87070,39.96,Cosenza,16.38,Alessandria del Carretto,CALABRIA,ITALY
87070,40.05,Cosenza,16.53,Montegiordano,CALABRIA,ITALY
87070,39.91,Cosenza,16.46,Albidona,CALABRIA,ITALY
87070,39.88,Cosenza,16.33,San Lorenzo Bellizzi,CALABRIA,ITALY
87070,39.86,Cosenza,16.36,Cerchiara di Calabria,CALABRIA,ITALY
87070,40.1,Cosenza,16.5,Canna,CALABRIA,ITALY
87070,40,Cosenza,16.48,Castroregio,CALABRIA,ITALY
87070,40.1,Cosenza,16.48,Nocara,CALABRIA,ITALY
87070,39.9,Cosenza,16.43,Plataci,CALABRIA,ITALY
87071,39.95,Cosenza,16.58,Amendolara,CALABRIA,ITALY
87072,39.81,Cosenza,16.39,Francavilla Marittima,CALABRIA,ITALY
87073,40.05,Cosenza,16.45,Oriolo,CALABRIA,ITALY
87074,40.11,Cosenza,16.58,Rocca Imperiale,CALABRIA,ITALY
87075,39.86,Cosenza,16.53,Trebisacce,CALABRIA,ITALY
87076,39.85,Cosenza,16.45,Villapiana,CALABRIA,ITALY
87100,39.3,Cosenza,16.25,Cosenza,CALABRIA,ITALY
88020,38.85,Catanzaro,16.38,Jacurso,CALABRIA,ITALY
88021,38.83,Catanzaro,16.5,Borgia,CALABRIA,ITALY
88021,38.83,Catanzaro,16.51,San Floro,CALABRIA,ITALY
88022,38.83,Catanzaro,16.25,Curinga,CALABRIA,ITALY
88024,38.81,Catanzaro,16.43,Girifalco,CALABRIA,ITALY
88024,38.83,Catanzaro,16.41,Cortale,CALABRIA,ITALY
88025,38.85,Catanzaro,16.36,Maida,CALABRIA,ITALY
88025,38.85,Catanzaro,16.35,San Pietro a Maida,CALABRIA,ITALY
88040,39.06,Catanzaro,16.2,San Mango d'Aquino,CALABRIA,ITALY
88040,38.93,Catanzaro,16.46,Amato,CALABRIA,ITALY
88040,39,Catanzaro,16.31,Platania,CALABRIA,ITALY
88040,39.06,Catanzaro,16.28,Conflenti,CALABRIA,ITALY
88040,39.08,Catanzaro,16.25,Martirano,CALABRIA,ITALY
88040,38.91,Catanzaro,16.51,Settingiano,CALABRIA,ITALY
88040,39.01,Catanzaro,16.4,Serrastretta,CALABRIA,ITALY
88040,39.01,Catanzaro,16.48,Cicala,CALABRIA,ITALY
88040,38.98,Catanzaro,16.2,Gizzeria,CALABRIA,ITALY
88040,39.1,Catanzaro,16.3,Motta Santa Lucia,CALABRIA,ITALY
88040,39.06,Catanzaro,16.23,Martirano Lombardo,CALABRIA,ITALY
88040,38.95,Catanzaro,16.46,Miglierina,CALABRIA,ITALY
88040,39.05,Catanzaro,16.45,Carlopoli,CALABRIA,ITALY
88040,38.95,Catanzaro,16.38,Pianopoli,CALABRIA,ITALY
88040,39,Catanzaro,16.46,San Pietro Apostolo,CALABRIA,ITALY
88041,39.05,Catanzaro,16.35,Decollatura,CALABRIA,ITALY
88042,39,Catanzaro,16.16,Falerna,CALABRIA,ITALY
88043,38.96,Catanzaro,16.38,Feroleto Antico,CALABRIA,ITALY
88044,38.93,Catanzaro,16.5,Marcellinara,CALABRIA,ITALY
88045,38.96,Catanzaro,16.53,Gimigliano,CALABRIA,ITALY
88046,38.96,Catanzaro,16.3,Lamezia Terme,CALABRIA,ITALY
88047,39.03,Catanzaro,16.15,Nocera Terinese,CALABRIA,ITALY
88049,39.08,Catanzaro,16.36,Soveria Mannelli,CALABRIA,ITALY
88050,38.88,Catanzaro,16.48,Caraffa di Catanzaro,CALABRIA,ITALY
88050,39.03,Catanzaro,16.83,Marcedusa,CALABRIA,ITALY
88050,38.75,Catanzaro,16.45,Palermiti,CALABRIA,ITALY
88050,38.78,Catanzaro,16.46,Vallefiorita,CALABRIA,ITALY
88050,39,Catanzaro,16.66,Zagarise,CALABRIA,ITALY
88050,39.01,Catanzaro,16.76,Andali,CALABRIA,ITALY
88050,39.01,Catanzaro,16.56,Sorbo San Basile,CALABRIA,ITALY
88050,38.95,Catanzaro,16.65,Simeri Crichi,CALABRIA,ITALY
88050,39.01,Catanzaro,16.63,Magisano,CALABRIA,ITALY
88050,38.98,Catanzaro,16.63,Sellia,CALABRIA,ITALY
88050,38.91,Catanzaro,16.75,Sellia Marina,CALABRIA,ITALY
88050,39.01,Catanzaro,16.78,Belcastro,CALABRIA,ITALY
88050,39.01,Catanzaro,16.75,Cerva,CALABRIA,ITALY
88050,38.95,Catanzaro,16.68,Soveria Simeri,CALABRIA,ITALY
88050,38.98,Catanzaro,16.58,Pentone,CALABRIA,ITALY
88050,39.03,Catanzaro,16.75,Petronà,CALABRIA,ITALY
88050,39,Catanzaro,16.58,Fossato Serralta,CALABRIA,ITALY
88050,38.8,Catanzaro,16.45,Amaroni,CALABRIA,ITALY
88051,38.96,Catanzaro,16.78,Cropani,CALABRIA,ITALY
88054,39.01,Catanzaro,16.73,Sersale,CALABRIA,ITALY
88055,39.01,Catanzaro,16.58,Taverna,CALABRIA,ITALY
88055,39.01,Catanzaro,16.6,Albi,CALABRIA,ITALY
88056,38.95,Catanzaro,16.5,Tiriolo,CALABRIA,ITALY
88060,38.75,Catanzaro,16.51,Montauro,CALABRIA,ITALY
88060,38.6,Catanzaro,16.51,Isca sullo Ionio,CALABRIA,ITALY
88060,38.56,Catanzaro,16.53,Badolato,CALABRIA,ITALY
88060,38.53,Catanzaro,16.51,Santa Caterina dello Ionio,CALABRIA,ITALY
88060,38.71,Catanzaro,16.5,Montepaone,CALABRIA,ITALY
88060,38.7,Catanzaro,16.46,Petrizzi,CALABRIA,ITALY
88060,38.65,Catanzaro,16.48,Davoli,CALABRIA,ITALY
88060,38.68,Catanzaro,16.46,Gagliato,CALABRIA,ITALY
88060,38.63,Catanzaro,16.48,San Sostene,CALABRIA,ITALY
88060,38.73,Catanzaro,16.5,Gasperina,CALABRIA,ITALY
88060,38.61,Catanzaro,16.53,Sant'Andrea Apostolo dello Ionio,CALABRIA,ITALY
88060,38.66,Catanzaro,16.46,Satriano,CALABRIA,ITALY
88060,38.68,Catanzaro,16.43,Argusto,CALABRIA,ITALY
88060,38.63,Catanzaro,16.36,Torre di Ruggiero,CALABRIA,ITALY
88062,38.65,Catanzaro,16.38,Cardinale,CALABRIA,ITALY
88064,38.68,Catanzaro,16.4,Chiaravalle Centrale,CALABRIA,ITALY
88065,38.5,Catanzaro,16.5,Guardavalle,CALABRIA,ITALY
88067,38.73,Catanzaro,16.41,Olivadi,CALABRIA,ITALY
88067,38.73,Catanzaro,16.43,Centrache,CALABRIA,ITALY
88067,38.71,Catanzaro,16.41,Cenadi,CALABRIA,ITALY
88067,38.71,Catanzaro,16.41,San Vito sullo Ionio,CALABRIA,ITALY
88068,38.68,Catanzaro,16.55,Soverato,CALABRIA,ITALY
88069,38.78,Catanzaro,16.51,Squillace,CALABRIA,ITALY
88069,38.76,Catanzaro,16.53,Stalettì,CALABRIA,ITALY
88070,38.93,Catanzaro,16.85,Botricello,CALABRIA,ITALY
88100,38.9,Catanzaro,16.6,Catanzaro,CALABRIA,ITALY
88811,39.36,Crotone,17.11,Cirò Marina,CALABRIA,ITALY
88812,39.41,Crotone,16.95,Crucoli,CALABRIA,ITALY
88813,39.38,Crotone,17.06,Cirò,CALABRIA,ITALY
88814,39.3,Crotone,17.1,TORRE MELISSA,CALABRIA,ITALY
88815,39.24,Crotone,17.1,MARINA DI STRONGOLI,CALABRIA,ITALY
88816,39.26,Crotone,17.06,Strongoli,CALABRIA,ITALY
88817,39.3,Crotone,16.96,Carfizzi,CALABRIA,ITALY
88817,39.3,Crotone,17.01,Melissa,CALABRIA,ITALY
88817,39.3,Crotone,16.96,San Nicola dell'Alto,CALABRIA,ITALY
88818,39.3,Crotone,16.9,Pallagorio,CALABRIA,ITALY
88819,39.31,Crotone,16.86,Verzino,CALABRIA,ITALY
88821,39.18,Crotone,16.88,Rocca di Neto,CALABRIA,ITALY
88822,39.25,Crotone,16.95,Casabona,CALABRIA,ITALY
88823,39.35,Crotone,16.9,Umbriatico,CALABRIA,ITALY
88824,39.21,Crotone,16.88,Belvedere di Spinello,CALABRIA,ITALY
88825,39.31,Crotone,16.78,Savelli,CALABRIA,ITALY
88831,39.1,Crotone,16.91,San Mauro Marchesato,CALABRIA,ITALY
88831,39.11,Crotone,16.96,Scandale,CALABRIA,ITALY
88832,39.15,Crotone,16.91,Santa Severina,CALABRIA,ITALY
88833,39.25,Crotone,16.78,Cerenzia,CALABRIA,ITALY
88833,39.23,Crotone,16.78,Caccuri,CALABRIA,ITALY
88834,39.26,Crotone,16.76,Castelsilano,CALABRIA,ITALY
88835,39.13,Crotone,16.86,Roccabernarda,CALABRIA,ITALY
88836,39.16,Crotone,16.78,Cotronei,CALABRIA,ITALY
88837,39.11,Crotone,16.78,Petilia Policastro,CALABRIA,ITALY
88838,39.08,Crotone,16.78,Mesoraca,CALABRIA,ITALY
88841,38.96,Crotone,17.1,Isola di Capo Rizzuto,CALABRIA,ITALY
88842,39.03,Crotone,16.98,Cutro,CALABRIA,ITALY
88843,39.07,Crotone,17.02,PAPANICE,CALABRIA,ITALY
88900,39.08,Crotone,17.11,Crotone,CALABRIA,ITALY
89010,38.25,Reggio di Calabria,15.93,Scido,CALABRIA,ITALY
89010,38.31,Reggio di Calabria,16,Terranova Sappo Minulio,CALABRIA,ITALY
89010,38.31,Reggio di Calabria,15.98,Varapodio,CALABRIA,ITALY
89010,38.31,Reggio di Calabria,16.03,Molochio,CALABRIA,ITALY
89011,38.28,Reggio di Calabria,15.81,Bagnara Calabra,CALABRIA,ITALY
89012,38.23,Reggio di Calabria,15.91,Delianuova,CALABRIA,ITALY
89013,38.43,Reggio di Calabria,15.9,Gioia Tauro,CALABRIA,ITALY
89014,38.3,Reggio di Calabria,15.98,Oppido Mamertina,CALABRIA,ITALY
89015,38.36,Reggio di Calabria,15.85,Palmi,CALABRIA,ITALY
89016,38.41,Reggio di Calabria,15.96,Rizziconi,CALABRIA,ITALY
89017,38.38,Reggio di Calabria,16.1,San Giorgio Morgeto,CALABRIA,ITALY
89018,38.21,Reggio di Calabria,15.63,Villa San Giovanni,CALABRIA,ITALY
89020,38.43,Reggio di Calabria,16.05,Melicucco,CALABRIA,ITALY
89020,38.53,Reggio di Calabria,16.08,Serrata,CALABRIA,ITALY
89020,38.43,Reggio di Calabria,16.1,Maropati,CALABRIA,ITALY
89020,38.43,Reggio di Calabria,16.15,Giffone,CALABRIA,ITALY
89020,38.3,Reggio di Calabria,15.88,Melicuccà,CALABRIA,ITALY
89020,38.43,Reggio di Calabria,16.08,Anoia,CALABRIA,ITALY
89020,38.5,Reggio di Calabria,16.08,Candidoni,CALABRIA,ITALY
89020,38.25,Reggio di Calabria,15.93,Sinopoli,CALABRIA,ITALY
89020,38.51,Reggio di Calabria,16.13,San Pietro di Caridà,CALABRIA,ITALY
89020,38.28,Reggio di Calabria,15.9,San Procopio,CALABRIA,ITALY
89021,38.41,Reggio di Calabria,16.1,Cinquefrondi,CALABRIA,ITALY
89022,38.35,Reggio di Calabria,16.08,Cittanova,CALABRIA,ITALY
89023,38.48,Reggio di Calabria,16.08,Laureana di Borrello,CALABRIA,ITALY
89024,38.4,Reggio di Calabria,16.06,Polistena,CALABRIA,ITALY
89025,38.5,Reggio di Calabria,15.98,Rosarno,CALABRIA,ITALY
89026,38.48,Reggio di Calabria,15.91,San Ferdinando,CALABRIA,ITALY
89027,38.26,Reggio di Calabria,15.86,Sant'Eufemia d'Aspromonte,CALABRIA,ITALY
89028,38.33,Reggio di Calabria,15.86,Seminara,CALABRIA,ITALY
89029,38.35,Reggio di Calabria,16.01,Taurianova,CALABRIA,ITALY
89030,38.15,Reggio di Calabria,16.16,Bovalino,CALABRIA,ITALY
89030,38.06,Reggio di Calabria,16.06,Samo,CALABRIA,ITALY
89030,37.96,Reggio di Calabria,15.98,Palizzi,CALABRIA,ITALY
89030,38,Reggio di Calabria,16.03,Staiti,CALABRIA,ITALY
89030,38.1,Reggio di Calabria,16.08,Sant'Agata del Bianco,CALABRIA,ITALY
89030,38.15,Reggio di Calabria,16.06,San Luca,CALABRIA,ITALY
89030,38.18,Reggio di Calabria,16.11,Careri,CALABRIA,ITALY
89030,38.1,Reggio di Calabria,16.08,Caraffa del Bianco,CALABRIA,ITALY
89030,38.01,Reggio di Calabria,16.08,Bruzzano Zeffirio,CALABRIA,ITALY
89030,38.1,Reggio di Calabria,16.08,Casignana,CALABRIA,ITALY
89030,38.18,Reggio di Calabria,16.13,Benestare,CALABRIA,ITALY
89030,38.05,Reggio di Calabria,16.13,Africo,CALABRIA,ITALY
89030,38,Reggio di Calabria,15.86,Condofuri,CALABRIA,ITALY
89030,38.03,Reggio di Calabria,16.08,Ferruzzano,CALABRIA,ITALY
89031,38.18,Reggio di Calabria,16.16,Ardore,CALABRIA,ITALY
89032,38.08,Reggio di Calabria,16.15,Bianco,CALABRIA,ITALY
89033,38,Reggio di Calabria,15.93,Bova,CALABRIA,ITALY
89035,37.93,Reggio di Calabria,15.91,Bova Marina,CALABRIA,ITALY
89036,37.96,Reggio di Calabria,16.1,Brancaleone,CALABRIA,ITALY
89038,37.91,Reggio di Calabria,15.98,MARINA DI PALIZZI,CALABRIA,ITALY
89039,38.21,Reggio di Calabria,16.05,Platì,CALABRIA,ITALY
89040,38.48,Reggio di Calabria,16.45,Bivongi,CALABRIA,ITALY
89040,38.26,Reggio di Calabria,16.21,Gerace,CALABRIA,ITALY
89040,38.31,Reggio di Calabria,16.2,Canolo,CALABRIA,ITALY
89040,38.41,Reggio di Calabria,16.48,Riace,CALABRIA,ITALY
89040,38.41,Reggio di Calabria,16.46,Stignano,CALABRIA,ITALY
89040,38.26,Reggio di Calabria,16.3,Siderno,CALABRIA,ITALY
89040,38.36,Reggio di Calabria,16.28,San Giovanni di Gerace,CALABRIA,ITALY
89040,38.45,Reggio di Calabria,16.55,Monasterace,CALABRIA,ITALY
89040,38.47,Reggio di Calabria,16.45,Pazzano,CALABRIA,ITALY
89040,38.41,Reggio di Calabria,16.45,Placanica,CALABRIA,ITALY
89040,38.23,Reggio di Calabria,16.2,Portigliola,CALABRIA,ITALY
89040,38.21,Reggio di Calabria,16.2,Sant'Ilario dello Ionio,CALABRIA,ITALY
89040,38.3,Reggio di Calabria,16.21,Agnana Calabra,CALABRIA,ITALY
89040,38.25,Reggio di Calabria,16.13,Ciminà,CALABRIA,ITALY
89040,38.43,Reggio di Calabria,16.48,Camini,CALABRIA,ITALY
89040,38.35,Reggio di Calabria,16.28,Martone,CALABRIA,ITALY
89040,38.26,Reggio di Calabria,16.15,Antonimina,CALABRIA,ITALY
89041,38.38,Reggio di Calabria,16.41,Caulonia,CALABRIA,ITALY
89042,38.33,Reggio di Calabria,16.3,Gioiosa Ionica,CALABRIA,ITALY
89043,38.36,Reggio di Calabria,16.26,Grotteria,CALABRIA,ITALY
89044,38.23,Reggio di Calabria,16.26,Locri,CALABRIA,ITALY
89045,38.36,Reggio di Calabria,16.23,Mammola,CALABRIA,ITALY
89046,38.3,Reggio di Calabria,16.33,Marina di Gioiosa Ionica,CALABRIA,ITALY
89047,38.31,Reggio di Calabria,16.4,Roccella Ionica,CALABRIA,ITALY
89048,38.29,Reggio di Calabria,16.3,DONISI,CALABRIA,ITALY
89049,38.48,Reggio di Calabria,16.46,Stilo,CALABRIA,ITALY
89050,38.26,Reggio di Calabria,15.93,Cosoleto,CALABRIA,ITALY
89050,38.21,Reggio di Calabria,15.7,Fiumara,CALABRIA,ITALY
89050,38.46,Reggio di Calabria,16.06,Feroleto della Chiesa,CALABRIA,ITALY
89050,38.16,Reggio di Calabria,15.75,Sant'Alessio in Aspromonte,CALABRIA,ITALY
89050,38.16,Reggio di Calabria,15.75,Laganadi,CALABRIA,ITALY
89050,38.18,Reggio di Calabria,15.71,Calanna,CALABRIA,ITALY
89050,38.2,Reggio di Calabria,15.73,San Roberto,CALABRIA,ITALY
89051,42.08,Reggio di Calabria,14.38,ARCHI,CALABRIA,ITALY
89052,38.21,Reggio di Calabria,15.66,Campo Calabro,CALABRIA,ITALY
89053,40.15,Reggio di Calabria,15.23,CATONA,CALABRIA,ITALY
89054,38.46,Reggio di Calabria,16.11,Galatro,CALABRIA,ITALY
89055,38.16,Reggio di Calabria,15.65,GALLICO,CALABRIA,ITALY
89056,38.25,Reggio di Calabria,15.96,Santa Cristina d'Aspromonte,CALABRIA,ITALY
89057,38.16,Reggio di Calabria,15.78,Santo Stefano in Aspromonte,CALABRIA,ITALY
89058,38.25,Reggio di Calabria,15.71,Scilla,CALABRIA,ITALY
89060,38.03,Reggio di Calabria,15.81,Bagaladi,CALABRIA,ITALY
89060,38.05,Reggio di Calabria,15.9,Roccaforte del Greco,CALABRIA,ITALY
89060,38.08,Reggio di Calabria,15.76,Cardeto,CALABRIA,ITALY
89060,37.92,Reggio di Calabria,15.76,Roghudi,CALABRIA,ITALY
89061,44.08,Reggio di Calabria,7.91,ARMO,CALABRIA,ITALY
89062,37.96,Reggio di Calabria,15.66,LAZZARO,CALABRIA,ITALY
89063,37.91,Reggio di Calabria,15.78,Melito di Porto Salvo,CALABRIA,ITALY
89064,37.98,Reggio di Calabria,15.76,Montebello Ionico,CALABRIA,ITALY
89065,38,Reggio di Calabria,15.7,Motta San Giovanni,CALABRIA,ITALY
89066,38.02,Reggio di Calabria,15.64,PELLARO,CALABRIA,ITALY
89068,41.91,Reggio di Calabria,12.86,SAN GREGORIO,CALABRIA,ITALY
89069,38.01,Reggio di Calabria,15.83,San Lorenzo,CALABRIA,ITALY
89100,38.11,Reggio di Calabria,15.66,Reggio di Calabria,CALABRIA,ITALY
89121,42.81,Reggio di Calabria,10.4,SANTA CATERINA,CALABRIA,ITALY
89121,38.11,Reggio di Calabria,15.66,Reggio di Calabria,CALABRIA,ITALY
89122,38.11,Reggio di Calabria,15.66,Reggio di Calabria,CALABRIA,ITALY
89123,38.11,Reggio di Calabria,15.66,Reggio di Calabria,CALABRIA,ITALY
89124,42.15,Reggio di Calabria,12.11,EREMO,CALABRIA,ITALY
89124,38.11,Reggio di Calabria,15.66,Reggio di Calabria,CALABRIA,ITALY
89125,38.11,Reggio di Calabria,15.66,Reggio di Calabria,CALABRIA,ITALY
89126,38.11,Reggio di Calabria,15.66,Reggio di Calabria,CALABRIA,ITALY
89127,38.11,Reggio di Calabria,15.66,Reggio di Calabria,CALABRIA,ITALY
89128,38.11,Reggio di Calabria,15.66,Reggio di Calabria,CALABRIA,ITALY
89129,38.11,Reggio di Calabria,15.66,Reggio di Calabria,CALABRIA,ITALY
89131,38.11,Reggio di Calabria,15.66,Reggio di Calabria,CALABRIA,ITALY
89132,38.11,Reggio di Calabria,15.66,Reggio di Calabria,CALABRIA,ITALY
89133,38.11,Reggio di Calabria,15.66,Reggio di Calabria,CALABRIA,ITALY
89811,39.2,Vibo Valentia,16.06,LONGOBARDI,CALABRIA,ITALY
89812,38.73,Vibo Valentia,16.16,Pizzo,CALABRIA,ITALY
89813,38.75,Vibo Valentia,16.31,Polia,CALABRIA,ITALY
89814,38.78,Vibo Valentia,16.28,Filadelfia,CALABRIA,ITALY
89815,38.78,Vibo Valentia,16.26,Francavilla Angitola,CALABRIA,ITALY
89816,38.66,Vibo Valentia,16.03,Cessaniti,CALABRIA,ITALY
89817,38.73,Vibo Valentia,16.03,Briatico,CALABRIA,ITALY
89818,38.68,Vibo Valentia,16.28,Capistrano,CALABRIA,ITALY
89819,38.71,Vibo Valentia,16.28,Monterosso Calabro,CALABRIA,ITALY
89821,38.66,Vibo Valentia,16.28,San Nicola da Crissa,CALABRIA,ITALY
89821,38.65,Vibo Valentia,16.28,Vallelonga,CALABRIA,ITALY
89822,38.6,Vibo Valentia,16.33,Spadola,CALABRIA,ITALY
89822,38.6,Vibo Valentia,16.33,Brognaturo,CALABRIA,ITALY
89822,38.58,Vibo Valentia,16.33,Serra San Bruno,CALABRIA,ITALY
89822,38.61,Vibo Valentia,16.33,Simbario,CALABRIA,ITALY
89823,38.46,Vibo Valentia,16.28,Fabrizia,CALABRIA,ITALY
89823,38.51,Vibo Valentia,16.31,Mongiana,CALABRIA,ITALY
89824,38.46,Vibo Valentia,16.33,Nardodipace,CALABRIA,ITALY
89831,38.58,Vibo Valentia,16.21,Gerocarne,CALABRIA,ITALY
89831,38.6,Vibo Valentia,16.23,Soriano Calabro,CALABRIA,ITALY
89831,38.6,Vibo Valentia,16.23,Sorianello,CALABRIA,ITALY
89832,38.55,Vibo Valentia,16.18,Acquaro,CALABRIA,ITALY
89832,38.56,Vibo Valentia,16.21,Arena,CALABRIA,ITALY
89832,38.56,Vibo Valentia,16.2,Dasà,CALABRIA,ITALY
89833,38.53,Vibo Valentia,16.15,Dinami,CALABRIA,ITALY
89834,38.63,Vibo Valentia,16.25,Vazzano,CALABRIA,ITALY
89834,38.61,Vibo Valentia,16.25,Pizzoni,CALABRIA,ITALY
89841,38.59,Vibo Valentia,16,Rombiolo,CALABRIA,ITALY
89842,38.56,Vibo Valentia,16.01,San Calogero,CALABRIA,ITALY
89843,38.66,Vibo Valentia,16.11,Stefanaconi,CALABRIA,ITALY
89843,38.68,Vibo Valentia,16.23,Filogaso,CALABRIA,ITALY
89843,38.7,Vibo Valentia,16.2,Maierato,CALABRIA,ITALY
89843,38.7,Vibo Valentia,16.15,Sant'Onofrio,CALABRIA,ITALY
89844,38.55,Vibo Valentia,15.93,Nicotera,CALABRIA,ITALY
89844,38.56,Vibo Valentia,15.96,Limbadi,CALABRIA,ITALY
89851,38.61,Vibo Valentia,16.1,Francica,CALABRIA,ITALY
89851,38.61,Vibo Valentia,16.03,Filandari,CALABRIA,ITALY
89851,38.63,Vibo Valentia,16.05,Jonadi,CALABRIA,ITALY
89851,38.63,Vibo Valentia,16.06,San Costantino Calabro,CALABRIA,ITALY
89852,38.61,Vibo Valentia,16.06,Mileto,CALABRIA,ITALY
89861,38.68,Vibo Valentia,15.91,Parghelia,CALABRIA,ITALY
89861,38.68,Vibo Valentia,15.9,Tropea,CALABRIA,ITALY
89862,38.66,Vibo Valentia,15.91,Drapia,CALABRIA,ITALY
89863,38.58,Vibo Valentia,15.9,Joppolo,CALABRIA,ITALY
89864,38.63,Vibo Valentia,15.9,Spilinga,CALABRIA,ITALY
89866,39.03,Vibo Valentia,16.43,Ricadi,CALABRIA,ITALY
89867,38.65,Vibo Valentia,15.98,Zungri,CALABRIA,ITALY
89867,38.66,Vibo Valentia,15.93,Zaccanopoli,CALABRIA,ITALY
89868,38.7,Vibo Valentia,15.98,Zambrone,CALABRIA,ITALY
89900,38.65,Vibo Valentia,16.1,San Gregorio d'Ippona,CALABRIA,ITALY
89900,38.66,Vibo Valentia,16.08,Vibo Valentia,CALABRIA,ITALY
90010,38,Palermo,13.93,Lascari,SICILIA,ITALY
90010,38,Palermo,14.15,Pollina,SICILIA,ITALY
90010,38.08,Palermo,13.46,Ficarazzi,SICILIA,ITALY
90010,37.86,Palermo,14.15,Geraci Siculo,SICILIA,ITALY
90010,37.9,Palermo,13.81,Cerda,SICILIA,ITALY
90010,38.05,Palermo,13.55,Altavilla Milicia,SICILIA,ITALY
90010,37.95,Palermo,14.08,Isnello,SICILIA,ITALY
90010,37.98,Palermo,13.88,Campofelice di Roccella,SICILIA,ITALY
90010,37.91,Palermo,14.2,San Mauro Castelverde,SICILIA,ITALY
90010,37.96,Palermo,13.96,Gratteri,SICILIA,ITALY
90010,38.71,Palermo,13.18,Ustica,SICILIA,ITALY
90011,38.08,Palermo,13.5,Bagheria,SICILIA,ITALY
90012,37.93,Palermo,13.66,Caccamo,SICILIA,ITALY
90013,37.93,Palermo,14.08,Castelbuono,SICILIA,ITALY
90014,38.05,Palermo,13.53,Casteldaccia,SICILIA,ITALY
90015,38.03,Palermo,14.01,Cefalù,SICILIA,ITALY
90016,37.91,Palermo,13.93,Collesano,SICILIA,ITALY
90017,38.08,Palermo,13.53,Santa Flavia,SICILIA,ITALY
90018,37.98,Palermo,13.7,Termini Imerese,SICILIA,ITALY
90019,38,Palermo,13.65,Trabia,SICILIA,ITALY
90020,37.85,Palermo,13.9,Scillato,SICILIA,ITALY
90020,37.78,Palermo,14.05,Castellana Sicula,SICILIA,ITALY
90020,37.91,Palermo,13.56,Ventimiglia di Sicilia,SICILIA,ITALY
90020,37.83,Palermo,13.56,Vicari,SICILIA,ITALY
90020,37.85,Palermo,13.76,Montemaggiore Belsito,SICILIA,ITALY
90020,37.81,Palermo,13.85,Sclafani Bagni,SICILIA,ITALY
90020,37.7,Palermo,14.11,Alimena,SICILIA,ITALY
90020,37.91,Palermo,13.76,Sciara,SICILIA,ITALY
90020,37.93,Palermo,13.53,Baucina,SICILIA,ITALY
90020,37.75,Palermo,14.06,Blufi,SICILIA,ITALY
90020,37.8,Palermo,13.63,Roccapalumba,SICILIA,ITALY
90020,37.86,Palermo,13.78,Aliminusa,SICILIA,ITALY
90020,37.75,Palermo,14.1,Bompietro,SICILIA,ITALY
90021,37.78,Palermo,13.71,Alia,SICILIA,ITALY
90022,37.81,Palermo,13.88,Caltavuturo,SICILIA,ITALY
90023,37.9,Palermo,13.56,Ciminna,SICILIA,ITALY
90024,37.8,Palermo,14.2,Gangi,SICILIA,ITALY
90025,37.75,Palermo,13.6,Lercara Friddi,SICILIA,ITALY
90026,37.8,Palermo,14.1,Petralia Soprana,SICILIA,ITALY
90027,37.8,Palermo,14.08,Petralia Sottana,SICILIA,ITALY
90028,37.81,Palermo,13.88,Polizzi Generosa,SICILIA,ITALY
90029,37.75,Palermo,13.83,Valledolmo,SICILIA,ITALY
90030,37.75,Palermo,13.26,Campofiorito,SICILIA,ITALY
90030,37.98,Palermo,13.33,Santa Cristina Gela,SICILIA,ITALY
90030,37.66,Palermo,13.6,Castronovo di Sicilia,SICILIA,ITALY
90030,37.96,Palermo,13.45,Bolognetta,SICILIA,ITALY
90030,37.86,Palermo,13.46,Mezzojuso,SICILIA,ITALY
90030,37.83,Palermo,13.48,Campofelice di Fitalia,SICILIA,ITALY
90030,37.68,Palermo,13.38,Palazzo Adriano,SICILIA,ITALY
90030,37.9,Palermo,13.48,Villafrati,SICILIA,ITALY
90030,37.91,Palermo,13.46,Cefalà Diana,SICILIA,ITALY
90030,37.73,Palermo,13.18,Contessa Entellina,SICILIA,ITALY
90030,37.66,Palermo,13.23,Giuliana,SICILIA,ITALY
90030,37.9,Palermo,13.43,Godrano,SICILIA,ITALY
90030,38.05,Palermo,13.3,Altofonte,SICILIA,ITALY
90031,38.05,Palermo,13.38,Belmonte Mezzagno,SICILIA,ITALY
90032,37.7,Palermo,13.25,Bisacquino,SICILIA,ITALY
90033,37.68,Palermo,13.26,Chiusa Sclafani,SICILIA,ITALY
90034,37.81,Palermo,13.3,Corleone,SICILIA,ITALY
90035,37.95,Palermo,13.41,Marineo,SICILIA,ITALY
90036,38.03,Palermo,13.45,Misilmeri,SICILIA,ITALY
90037,38,Palermo,13.28,Piana degli Albanesi,SICILIA,ITALY
90038,37.71,Palermo,13.43,Prizzi,SICILIA,ITALY
90039,38.08,Palermo,13.45,Villabate,SICILIA,ITALY
90040,37.96,Palermo,13.18,San Cipirello,SICILIA,ITALY
90040,38.06,Palermo,13.03,Trappeto,SICILIA,ITALY
90040,38.08,Palermo,13.15,Giardinello,SICILIA,ITALY
90040,38.2,Palermo,13.25,Isola delle Femmine,SICILIA,ITALY
90040,38.13,Palermo,13.23,Torretta,SICILIA,ITALY
90040,38.1,Palermo,13.16,Montelepre,SICILIA,ITALY
90040,37.83,Palermo,13.15,Roccamena,SICILIA,ITALY
90040,38.16,Palermo,13.23,Capaci,SICILIA,ITALY
90041,38.05,Palermo,13.11,Balestrate,SICILIA,ITALY
90042,38.05,Palermo,13.15,Borgetto,SICILIA,ITALY
90043,37.9,Palermo,13.1,Camporeale,SICILIA,ITALY
90044,38.13,Palermo,13.18,Carini,SICILIA,ITALY
90045,38.16,Palermo,13.1,Cinisi,SICILIA,ITALY
90046,38.08,Palermo,13.28,Monreale,SICILIA,ITALY
90047,38.05,Palermo,13.11,Partinico,SICILIA,ITALY
90048,37.96,Palermo,13.18,San Giuseppe Jato,SICILIA,ITALY
90049,38.15,Palermo,13.08,Terrasini,SICILIA,ITALY
90100,38.11,Palermo,13.36,Palermo,SICILIA,ITALY
90121,39.67,Palermo,8.45,ACQUA DEI CORSARI,SICILIA,ITALY
90121,38.11,Palermo,13.36,Palermo,SICILIA,ITALY
90122,38.11,Palermo,13.36,Palermo,SICILIA,ITALY
90123,38.11,Palermo,13.36,Palermo,SICILIA,ITALY
90124,38.11,Palermo,13.36,Palermo,SICILIA,ITALY
90125,38.11,Palermo,13.36,Palermo,SICILIA,ITALY
90126,38.11,Palermo,13.36,Palermo,SICILIA,ITALY
90127,38.11,Palermo,13.36,Palermo,SICILIA,ITALY
90128,38.11,Palermo,13.36,Palermo,SICILIA,ITALY
90129,38.11,Palermo,13.36,Palermo,SICILIA,ITALY
90131,38.11,Palermo,13.36,Palermo,SICILIA,ITALY
90132,38.11,Palermo,13.36,Palermo,SICILIA,ITALY
90133,38.11,Palermo,13.36,Palermo,SICILIA,ITALY
90134,38.11,Palermo,13.36,Palermo,SICILIA,ITALY
90135,38.11,Palermo,13.36,Palermo,SICILIA,ITALY
90136,38.11,Palermo,13.36,Palermo,SICILIA,ITALY
90137,38.11,Palermo,13.36,Palermo,SICILIA,ITALY
90138,38.11,Palermo,13.36,Palermo,SICILIA,ITALY
90139,38.11,Palermo,13.36,Palermo,SICILIA,ITALY
90141,38.11,Palermo,13.36,Palermo,SICILIA,ITALY
90142,38.11,Palermo,13.36,Palermo,SICILIA,ITALY
90143,38.11,Palermo,13.36,Palermo,SICILIA,ITALY
90144,38.11,Palermo,13.36,Palermo,SICILIA,ITALY
90145,38.11,Palermo,13.36,Palermo,SICILIA,ITALY
90146,38.11,Palermo,13.36,Palermo,SICILIA,ITALY
90147,38.11,Palermo,13.36,Palermo,SICILIA,ITALY
90148,38.11,Palermo,13.36,Palermo,SICILIA,ITALY
90148,41.03,Palermo,15.29,SFERRACAVALLO,SICILIA,ITALY
90149,38.11,Palermo,13.36,Palermo,SICILIA,ITALY
90151,38.11,Palermo,13.36,Palermo,SICILIA,ITALY
90151,45.72,Palermo,9.05,MONDELLO,SICILIA,ITALY
91010,38.16,Trapani,12.75,San Vito Lo Capo,SICILIA,ITALY
91010,37.86,Trapani,12.81,Vita,SICILIA,ITALY
91011,37.96,Trapani,12.96,Alcamo,SICILIA,ITALY
91012,38.01,Trapani,12.73,Buseto Palizzolo,SICILIA,ITALY
91013,37.9,Trapani,12.85,Calatafimi-Segesta,SICILIA,ITALY
91014,38.03,Trapani,12.88,Castellammare del Golfo,SICILIA,ITALY
91015,38.08,Trapani,12.85,Custonaci,SICILIA,ITALY
91016,38.03,Trapani,12.53,Erice,SICILIA,ITALY
91017,36.83,Trapani,11.95,Pantelleria,SICILIA,ITALY
91018,37.81,Trapani,12.8,Salemi,SICILIA,ITALY
91019,38.05,Trapani,12.61,Valderice,SICILIA,ITALY
91020,37.71,Trapani,12.48,Petrosino,SICILIA,ITALY
91020,37.76,Trapani,13.03,Poggioreale,SICILIA,ITALY
91020,37.75,Trapani,13,Salaparuta,SICILIA,ITALY
91021,37.63,Trapani,12.75,Campobello di Mazara,SICILIA,ITALY
91022,37.66,Trapani,12.8,Castelvetrano,SICILIA,ITALY
91023,37.93,Trapani,12.33,Favignana,SICILIA,ITALY
91024,37.81,Trapani,12.86,Gibellina,SICILIA,ITALY
91025,37.8,Trapani,12.43,Marsala,SICILIA,ITALY
91026,37.65,Trapani,12.58,Mazara del Vallo,SICILIA,ITALY
91027,37.98,Trapani,12.55,Paceco,SICILIA,ITALY
91028,37.71,Trapani,12.88,Partanna,SICILIA,ITALY
91029,37.76,Trapani,12.88,Santa Ninfa,SICILIA,ITALY
91100,38.01,Trapani,12.51,Trapani,SICILIA,ITALY
92010,37.53,Agrigento,13.28,Calamonaci,SICILIA,ITALY
92010,37.56,Agrigento,13.45,Alessandria della Rocca,SICILIA,ITALY
92010,37.61,Agrigento,13.43,Bivona,SICILIA,ITALY
92010,37.6,Agrigento,13.28,Burgio,SICILIA,ITALY
92010,35.5,Agrigento,12.6,Lampedusa e Linosa,SICILIA,ITALY
92010,37.38,Agrigento,13.55,Joppolo Giancaxio,SICILIA,ITALY
92010,37.58,Agrigento,13.3,Lucca Sicula,SICILIA,ITALY
92010,37.58,Agrigento,13.21,Caltabellotta,SICILIA,ITALY
92010,37.33,Agrigento,13.43,Siculiana,SICILIA,ITALY
92010,37.4,Agrigento,13.35,Montallegro,SICILIA,ITALY
92010,37.7,Agrigento,12.98,Montevago,SICILIA,ITALY
92010,37.31,Agrigento,13.46,Realmonte,SICILIA,ITALY
92011,37.43,Agrigento,13.4,Cattolica Eraclea,SICILIA,ITALY
92012,37.51,Agrigento,13.43,Cianciana,SICILIA,ITALY
92013,37.6,Agrigento,12.96,Menfi,SICILIA,ITALY
92014,37.3,Agrigento,13.53,Porto Empedocle,SICILIA,ITALY
92015,37.4,Agrigento,13.53,Raffadali,SICILIA,ITALY
92016,37.5,Agrigento,13.26,Ribera,SICILIA,ITALY
92017,37.65,Agrigento,13.1,Sambuca di Sicilia,SICILIA,ITALY
92018,37.68,Agrigento,13.01,Santa Margherita di Belice,SICILIA,ITALY
92019,37.51,Agrigento,13.08,Sciacca,SICILIA,ITALY
92020,37.2,Agrigento,13.76,Palma di Montechiaro,SICILIA,ITALY
92020,37.35,Agrigento,13.75,Castrofilippo,SICILIA,ITALY
92020,37.25,Agrigento,13.8,Camastra,SICILIA,ITALY
92020,37.4,Agrigento,13.7,Grotte,SICILIA,ITALY
92020,37.48,Agrigento,13.55,Sant'Angelo Muxaro,SICILIA,ITALY
92020,37.4,Agrigento,13.73,Racalmuto,SICILIA,ITALY
92020,37.61,Agrigento,13.48,Santo Stefano Quisquina,SICILIA,ITALY
92020,37.41,Agrigento,13.65,Comitini,SICILIA,ITALY
92020,37.63,Agrigento,13.65,San Giovanni Gemini,SICILIA,ITALY
92020,37.43,Agrigento,13.55,Santa Elisabetta,SICILIA,ITALY
92020,37.58,Agrigento,13.28,Villafranca Sicula,SICILIA,ITALY
92020,37.5,Agrigento,13.53,San Biagio Platani,SICILIA,ITALY
92021,37.4,Agrigento,13.61,Aragona,SICILIA,ITALY
92022,37.63,Agrigento,13.63,Cammarata,SICILIA,ITALY
92023,37.25,Agrigento,13.91,Campobello di Licata,SICILIA,ITALY
92024,37.36,Agrigento,13.85,Canicattì,SICILIA,ITALY
92025,37.53,Agrigento,13.65,Casteltermini,SICILIA,ITALY
92026,37.31,Agrigento,13.66,Favara,SICILIA,ITALY
92027,37.1,Agrigento,13.93,Licata,SICILIA,ITALY
92028,37.3,Agrigento,13.8,Naro,SICILIA,ITALY
92029,37.26,Agrigento,13.96,Ravanusa,SICILIA,ITALY
92100,37.31,Agrigento,13.58,Agrigento,SICILIA,ITALY
93010,37.68,Caltanissetta,13.81,Vallelunga Pratameno,SICILIA,ITALY
93010,37.46,Caltanissetta,13.78,Bompensiere,SICILIA,ITALY
93010,37.45,Caltanissetta,13.81,Montedoro,SICILIA,ITALY
93010,37.46,Caltanissetta,13.73,Milena,SICILIA,ITALY
93010,37.6,Caltanissetta,13.91,Marianopoli,SICILIA,ITALY
93010,37.35,Caltanissetta,13.93,Delia,SICILIA,ITALY
93010,37.51,Caltanissetta,13.7,Campofranco,SICILIA,ITALY
93010,37.56,Caltanissetta,13.7,Acquaviva Platani,SICILIA,ITALY
93010,37.68,Caltanissetta,14.03,Resuttano,SICILIA,ITALY
93010,37.53,Caltanissetta,13.73,Sutera,SICILIA,ITALY
93010,37.45,Caltanissetta,13.88,Serradifalco,SICILIA,ITALY
93010,37.65,Caltanissetta,13.83,Villalba,SICILIA,ITALY
93011,37.18,Caltanissetta,14.18,Butera,SICILIA,ITALY
93012,37.06,Caltanissetta,14.25,Gela,SICILIA,ITALY
93013,37.3,Caltanissetta,14.2,Mazzarino,SICILIA,ITALY
93014,37.58,Caltanissetta,13.75,Mussomeli,SICILIA,ITALY
93015,37.15,Caltanissetta,14.38,Niscemi,SICILIA,ITALY
93016,37.28,Caltanissetta,14.08,Riesi,SICILIA,ITALY
93017,37.48,Caltanissetta,13.98,San Cataldo,SICILIA,ITALY
93018,37.6,Caltanissetta,14.03,Santa Caterina Villarmosa,SICILIA,ITALY
93019,37.33,Caltanissetta,14,Sommatino,SICILIA,ITALY
93100,37.48,Caltanissetta,14.06,Caltanissetta,SICILIA,ITALY
94010,37.71,Enna,14.53,Gagliano Castelferrato,SICILIA,ITALY
94010,37.63,Enna,14.41,Assoro,SICILIA,ITALY
94010,37.41,Enna,14.45,Aidone,SICILIA,ITALY
94010,37.65,Enna,14.45,Nissoria,SICILIA,ITALY
94010,37.81,Enna,14.5,Cerami,SICILIA,ITALY
