783384,26.3333,90.6667,Assam,state,ABHAYAPURI,26 20 00 N,090 40 00 E
152116,30.1833,74.2333,Punjab,state,ABOHAR,30 11 00 N,074 14 00 E
307026,24.5,72.9833,Rajasthan,state,ABU ROAD,24 30 00 N,072 59 00 E
477433,21.3167,77.5,Maharashtra,state,ACHALPUR,21 19 00 N,077 30 00 E
192201,33.6833,75.2333,Jammu and Kashmir,state,ACHHIBAL,33 41 00 N,075 14 00 E
283101,27.1667,77.75,Uttar Pradesh,state,ACHHNERA,27 10 00 N,077 45 00 E
812001,31.4333,75.7167,Punjab,state,ADAMPUR,31 26 00 N,075 43 00 E
504001,19.6667,78.5167,Andhra Pradesh,state,ADILABAD,19 40 00 N,078 31 00 E
518301,15.6333,77.2667,Andhra Pradesh,state,ADONI,15 38 00 N,077 16 00 E
723121,23.5167,86.7167,West Bengal,state,ADRA,23 31 00 N,086 43 00 E
246722,29.4,78.6833,Uttar Pradesh,state,AFZALGARH,29 24 00 N,078 41 00 E
465441,23.7333,76.0167,Madhya Pradesh,state,AGAR,23 44 00 N,076 01 00 E
799001,23.8167,91.25,Tripura,state,AGARTALA,23 49 00 N,091 15 00 E
783120,26.0833,90.55,Assam,state,AGIA,26 05 00 N,090 33 00 E
282001,27.15,78,Uttar Pradesh,state,AGRA,27 09 00 N,078 00 00 E
125047,29.3333,75.6333,Haryana,state,AGROHA,29 20 00 N,075 38 00 E
380001,23.05,72.6667,Gujarat,state,AHMADABAD,23 03 00 N,072 40 00 E
148021,28.25,78.1167,Punjab,state,AHMADGARH,28 15 00 N,078 07 00 E
414001,19.1333,74.8,Maharashtra,state,AHMADNAGAR,19 08 00 N,074 48 00 E
848507,23.5167,77.2167,Madhya Pradesh,state,AHMADPUR,23 31 00 N,077 13 00 E
731201,23.8333,87.6833,West Bengal,state,AHMADPUR,23 50 00 N,087 41 00 E
231301,25.0167,83.0333,Uttar Pradesh,state,AHRAURA,25 01 00 N,083 02 00 E
796001,23.75,92.75,Mizoram,union territory,AIZAWL,23 45 00 N,092 45 00 E
431117,20.5,75.8,Maharashtra,state,AJANTA,20 30 00 N,075 48 00 E
305001,26.4833,74.6667,Rajasthan,state,AJMER,26 29 00 N,074 40 00 E
143102,31.8333,74.8,Punjab,state,AJNALA,31 50 00 N,074 48 00 E
413216,17.5167,76.2333,Maharashtra,state,AKALKOT,17 31 00 N,076 14 00 E
495552,22.0167,82.4333,Madhya Pradesh,state,AKALTARA,22 01 00 N,082 26 00 E
301031,24.65,83.9833,Bihar,state,AKBARPUR,24 39 00 N,083 59 00 E
224122,26.4167,82.5333,Uttar Pradesh,state,AKBARPUR,26 25 00 N,082 32 00 E
181201,32.8833,74.7667,Jammu and Kashmir,state,AKHNUR,32 53 00 N,074 46 00 E
465223,23.3333,76.6333,Madhya Pradesh,state,AKODIA,23 20 00 N,076 38 00 E
444001,20.6667,77.0833,Maharashtra,state,AKOLA,20 40 00 N,077 05 00 E
444101,21.1,77.1333,Maharashtra,state,AKOT,21 06 00 N,077 08 00 E
400101,19.0167,73.1333,Maharashtra,state,AKURLI,19 01 00 N,073 08 00 E
509152,22.4167,88.1333,West Bengal,state,ALAMPUR,22 25 00 N,088 08 00 E
600032,13.0333,80.2,Tamil Nadu,state,ALANDUR,13 02 00 N,080 12 00 E
803203,31.4667,75.7,Punjab,state,ALAWALPUR,31 28 00 N,075 42 00 E
402201,18.6333,72.9167,Maharashtra,state,ALIBAG,18 38 00 N,072 55 00 E
207247,28.1167,80.6,Uttar Pradesh,state,ALIGANJ,28 07 00 N,080 36 00 E
812005,27.5,79.1667,Uttar Pradesh,state,ALIGANJ,27 30 00 N,079 10 00 E
202001,25.9667,76.15,Uttar Pradesh,state,ALIGARH,25 58 00 N,076 09 00 E
700027,22.5167,88.3333,West Bengal,state,ALIPORE,22 31 00 N,088 20 00 E
110036,28.5167,77.3,Delhi,union territory,ALIPUR,28 31 00 N,077 18 00 E
505330,22.5333,88.3333,West Bengal,state,ALIPUR,22 32 00 N,088 20 00 E
736121,22.9167,88.1833,West Bengal,state,ALIPURDUAR,22 55 00 N,088 11 00 E
457887,22.3,74.3667,Madhya Pradesh,state,ALIRAJPUR,22 18 00 N,074 22 00 E
242222,25.45,81.8333,Uttar Pradesh,state,ALLAHABAD,25 27 00 N,081 50 00 E
211006,28.55,77.4333,Uttar Pradesh,state,ALLAHAPUR,28 33 00 N,077 26 00 E
532410,10.0333,77.5,Tamil Nadu,state,ALLINAGARAM,10 02 00 N,077 30 00 E
263601,29.6,79.6667,Uttar Pradesh,state,ALMORA,29 36 00 N,079 40 00 E
585302,17.5833,76.6333,Karnataka,state,ALUND,17 35 00 N,076 38 00 E
301001,27.5333,76.5833,Rajasthan,state,ALWAR,27 32 00 N,076 35 00 E
533201,16.6,82.05,Andhra Pradesh,state,AMALAPURAM,16 36 00 N,082 03 00 E
413207,21.0167,75.15,Maharashtra,state,AMALNER,21 01 00 N,075 09 00 E
488441,24.4167,80.0333,Madhya Pradesh,state,AMANGANJ,24 25 00 N,080 02 00 E
757055,21.7833,87.1333,Orissa,state,AMARDA,21 47 00 N,087 08 00 E
484886,22.6667,81.8,Madhya Pradesh,state,AMARKANTAK,22 40 00 N,081 48 00 E
485775,24.3,80.9833,Madhya Pradesh,state,AMARPATAM,24 18 00 N,080 59 00 E
480221,22.3333,79.2,Madhya Pradesh,state,AMARWARA,22 20 00 N,079 12 00 E
226009,26.7667,80.85,Uttar Pradesh,state,AMAUSI,26 46 00 N,080 51 00 E
476111,26.7167,78.2167,Madhya Pradesh,state,AMBAH,26 43 00 N,078 13 00 E
431517,18.7333,76.55,Maharashtra,state,AMBAJOGAI,18 44 00 N,076 33 00 E
364215,30.3167,76.8167,Haryana,state,AMBALA,30 19 00 N,076 49 00 E
627401,8.75,77.45,Tamil Nadu,state,AMBASAMUDRAM,08 45 00 N,077 27 00 E
497335,23.15,83.2,Madhya Pradesh,state,AMBIKAPUR,23 09 00 N,083 12 00 E
635802,12.8,78.7333,Tamil Nadu,state,AMBUR,12 48 00 N,078 44 00 E
303101,26.9833,75.8667,Rajasthan,state,AMER,26 59 00 N,075 52 00 E
460551,21.8833,78.1667,Madhya Pradesh,state,AMLA,21 53 00 N,078 10 00 E
721121,22.8333,87.3333,West Bengal,state,AMLAGORA,22 50 00 N,087 20 00 E
147203,30.6167,76.2333,Punjab,state,AMLOH,30 37 00 N,076 14 00 E
713214,20.9667,77.8333,Maharashtra,state,AMRAVATI,20 58 00 N,077 50 00 E
364601,21.6,71.3333,Gujarat,state,AMRELI,21 36 00 N,071 20 00 E
143104,31.5833,74.9333,Punjab,state,AMRITSAR,31 35 00 N,074 56 00 E
244221,28.7333,78.4667,Uttar Pradesh,state,AMROHA,28 44 00 N,078 28 00 E
711401,22.5833,88.0167,West Bengal,state,AMTA,22 35 00 N,088 01 00 E
742121,23.9167,88.45,West Bengal,state,AMTALA,23 55 00 N,088 27 00 E
642104,10.5833,76.9333,Tamil Nadu,state,ANAIMALAI,10 35 00 N,076 56 00 E
531001,17.7,83.1,Andhra Pradesh,state,ANAKAPALLE,17 42 00 N,083 06 00 E
388001,22.5667,73.0167,Gujarat,state,ANAND,22 34 00 N,073 01 00 E
700001,22.85,88.2667,West Bengal,state,ANANDANAGAR,22 51 00 N,088 16 00 E
799157,22.5667,87.4167,West Bengal,state,ANANDAPUR,22 34 00 N,087 25 00 E
847101,21.2333,86.1667,Orissa,state,ANANDPUR,21 14 00 N,086 10 00 E
140118,31.25,76.5,Punjab,state,ANANDPUR SAHIB,31 15 00 N,076 30 00 E
756046,14.7,77.0833,Andhra Pradesh,state,ANANTAPUR,14 42 00 N,077 05 00 E
192101,33.7333,75.1833,Jammu and Kashmir,state,ANANTNAG,33 44 00 N,075 11 00 E
723126,23.4667,86.55,West Bengal,state,ANARA,23 28 00 N,086 33 00 E
712601,23.5833,87.2333,West Bengal,state,ANDAL,23 35 00 N,087 14 00 E
400058,19.1167,72.8333,Maharashtra,state,ANDHERI,19 07 00 N,072 50 00 E
624225,9.983,77.643,Tamil Nadu,state,ANDIPPATTI,09 59 00 N,077 38 00 E
759122,20.85,85.1,Orissa,state,ANGUL,20 51 00 N,085 06 00 E
400074,19.0333,72.8833,Maharashtra,state,ANIK,19 02 00 N,072 53 00 E
444705,21.1833,77.35,Maharashtra,state,ANJANGAON,21 11 00 N,077 21 00 E
451556,22.0333,75.05,Madhya Pradesh,state,ANJAOI,22 02 00 N,075 03 00 E
370110,23.1,70.0833,Gujarat,state,ANJAR,23 06 00 N,070 05 00 E
393002,21.6333,73.0333,Gujarat,state,ANKLESHWAR,21 38 00 N,073 02 00 E
335701,29.1667,73.2333,Rajasthan,state,ANUPGARH,29 10 00 N,073 14 00 E
202390,28.3667,78.25,Uttar Pradesh,state,ANUPSHAHR,28 22 00 N,078 15 00 E
577170,22.9167,87.65,West Bengal,state,ANUR,22 55 00 N,087 39 00 E
243301,28.2833,79.15,Uttar Pradesh,state,AONLA,28 17 00 N,079 09 00 E
631001,13.1,79.6667,Tamil Nadu,state,ARAKKONAM,13 06 00 N,079 40 00 E
712601,22.9,87.7833,West Bengal,state,ARAMBAG,22 54 00 N,087 47 00 E
712601,21.2333,82.0333,Madhya Pradesh,state,ARANG,21 14 00 N,082 02 00 E
614616,10.1833,79.1833,Tamil Nadu,state,ARANTANGI,10 11 00 N,079 11 00 E
854311,26.1333,87.4,Bihar,state,ARARIA,26 08 00 N,087 24 00 E
416537,21,78.3,Maharashtra,state,ARAVTI,21 00 00 N,078 18 00 E
743402,22.6833,88.7833,West Bengal,state,ARBALIA,22 41 00 N,088 47 00 E
632503,12.9,79.3333,Tamil Nadu,state,ARCOT,12 54 00 N,079 20 00 E
721456,21.9667,87.6333,West Bengal,state,ARGOAL,21 58 00 N,087 38 00 E
802137,23.55,86.3333,Bihar,state,ARIAH,23 33 00 N,086 20 00 E
605801,11.1833,79.0667,Tamil Nadu,state,ARIYALUR,11 11 00 N,079 04 00 E
173208,31.15,76.9667,Himachal Pradesh,state,ARKI,31 09 00 N,076 58 00 E
441208,20.5,80.0167,Maharashtra,state,ARMORI,20 30 00 N,080 01 00 E
503224,18.8167,78.25,Andhra Pradesh,state,ARMUR,18 49 00 N,078 15 00 E
573103,13.3333,76.2167,Karnataka,state,ARSIKERE,13 20 00 N,076 13 00 E
628202,8.5667,78.1167,Tamil Nadu,state,ARUMUGANERI,08 34 00 N,078 07 00 E
626101,9.5167,78.05,Tamil Nadu,state,ARUPPUKKOTTAI,09 31 00 N,078 03 00 E
804401,25.2667,84.6833,Bihar,state,ARWAL,25 16 00 N,084 41 00 E
816123,24.1167,87.45,Bihar,state,ASANBANI,24 07 00 N,087 27 00 E
713301,24.2333,87.2833,Bihar,state,ASANSOL,24 14 00 N,087 17 00 E
713301,23.6667,86.8167,West Bengal,state,ASANSOL,23 40 00 N,086 49 00 E
473331,24.6,77.7167,Madhya Pradesh,state,ASHOKNAGAR,24 36 00 N,077 43 00 E
466116,23,76.7833,Madhya Pradesh,state,ASHTA,23 00 00 N,076 47 00 E
416301,17.05,74.5667,Maharashtra,state,ASHTA,17 03 00 N,074 34 00 E
761110,19.6,84.65,Orissa,state,ASIKA,19 36 00 N,084 39 00 E
143108,31.6,74.5833,Punjab,state,ATARI,31 36 00 N,074 35 00 E
210201,28.7167,77.4,Uttar Pradesh,state,ATAUR,28 43 00 N,077 24 00 E
124521,28.1,76.2833,Haryana,state,ATELI,28 06 00 N,076 17 00 E
591304,16.7333,75.1167,Karnataka,state,ATHNI,16 44 00 N,075 07 00 E
518422,15.9333,78.7167,Andhra Pradesh,state,ATMAKUR,15 56 00 N,078 43 00 E
743128,22.8333,88.3833,West Bengal,state,ATHPUR,22 50 00 N,088 23 00 E
202280,28.0333,78.2667,Uttar Pradesh,state,ATRAULI,28 02 00 N,078 16 00 E
285202,28.5667,77.3333,Uttar Pradesh,state,ATTA,28 34 00 N,077 20 00 E
695101,8.7,76.85,Kerala,state,ATTINGAL,08 42 00 N,076 51 00 E
680592,11.6,78.6167,Tamil Nadu,state,ATTUR,11 36 00 N,078 37 00 E
411027,17.55,74.2667,Maharashtra,state,AUNDH,17 33 00 N,074 16 00 E
845310,26.45,79.5167,Uttar Pradesh,state,AURAIYA,26 27 00 N,079 31 00 E
824102,24.7667,84.3833,Bihar,state,AURANGABAD,24 46 00 N,084 23 00 E
415510,19.8667,75.3667,Maharashtra,state,AURANGABAD,19 52 00 N,075 22 00 E
224123,26.7833,82.2,Uttar Pradesh,state,AYODHYA,26 47 00 N,082 12 00 E
110051,28.7167,77.1833,Delhi,union territory,AZADPUR,28 43 00 N,077 11 00 E
276001,26.05,83.1667,Uttar Pradesh,state,AZAMGARH,26 03 00 N,083 10 00 E
670009,11.9833,75.35,Kerala,state,AZHIKODE,11 59 00 N,075 21 00 E
742122,24.2333,88.25,West Bengal,state,AZIMGANJ,24 14 00 N,088 15 00 E
285241,25.25,78.4667,Uttar Pradesh,state,BABINA,25 15 00 N,078 28 00 E
587201,15.9667,75.75,Karnataka,state,BADAMI,15 58 00 N,075 45 00 E
757047,22.0667,86.1,Orissa,state,BADAMPAHAR,22 04 00 N,086 06 00 E
712122,22.9,87.55,West Bengal,state,BADANGANJ,22 54 00 N,087 33 00 E
126151,28.5,76.9833,Haryana,state,BADANPUR,28 30 00 N,076 59 00 E
246422,30.7333,79.4833,Uttar Pradesh,state,BADARINATH,30 44 00 N,079 29 00 E
110044,28.6833,77.2833,Delhi,union territory,BADARPUR,28 41 00 N,077 17 00 E
741121,23.2833,88.5333,West Bengal,state,BADKULLA,23 17 00 N,088 32 00 E
124105,28.75,77.15,Delhi,union territory,BADLI,28 45 00 N,077 09 00 E
444701,20.8333,77.7833,Maharashtra,state,BADNERA,20 50 00 N,077 47 00 E
122101,25.7667,82.8167,Uttar Pradesh,state,BADSHAHPUR,25 46 00 N,082 49 00 E
743401,22.7333,88.7833,West Bengal,state,BADURIA,22 44 00 N,088 47 00 E
516227,14.7667,79.0333,Andhra Pradesh,state,BADVEL,14 46 00 N,079 02 00 E
587101,16.2333,75.7833,Karnataka,state,BAGALKOT,16 14 00 N,075 47 00 E
364522,21.4833,70.95,Gujarat,state,BAGASRA,21 29 00 N,070 57 00 E
743232,23.2167,86.6833,West Bengal,state,BAGDA,23 13 00 N,086 41 00 E
742138,24.0333,88.5333,West Bengal,state,BAGDANGA,24 02 00 N,088 32 00 E
585239,16.5667,76.0667,Karnataka,state,BAGEVADI,16 34 00 N,076 04 00 E
723152,23.1833,86.0667,West Bengal,state,BAGHMUNDI,23 11 00 N,086 04 00 E
250609,28.9333,77.2333,Uttar Pradesh,state,BAGHPAT,28 56 00 N,077 14 00 E
176212,22.65,76.35,Madhya Pradesh,state,BAGLI,22 39 00 N,076 21 00 E
711303,22.4667,87.9833,West Bengal,state,BAGNAN,22 28 00 N,087 59 00 E
825322,24.0667,85.8333,Bihar,state,BAGODAR,24 04 00 N,085 50 00 E
700059,22.6,88.4333,West Bengal,state,BAGUIATI,22 36 00 N,088 26 00 E
741183,23.3167,88.65,West Bengal,state,BAGULA,23 19 00 N,088 39 00 E
712222,26.8667,78.6,Uttar Pradesh,state,BAH,26 52 00 N,078 36 00 E
245208,28.6833,76.9167,Haryana,state,BAHADURGARH,28 41 00 N,076 55 00 E
847113,23.4167,88.4667,West Bengal,state,BAHADURPUR,23 25 00 N,088 28 00 E
832101,22.0667,86.7833,Bihar,state,BAHARAGORA,22 04 00 N,086 47 00 E
741183,24.1,88.25,West Bengal,state,BAHARAMPUR,24 06 00 N,088 15 00 E
847105,28.7167,79.5,Uttar Pradesh,state,BAHERI,28 43 00 N,079 30 00 E
202410,28.4,78.6167,Uttar Pradesh,state,BAHJOI,28 24 00 N,078 37 00 E
123305,28.5833,75.5,Haryana,state,BAHL,28 35 00 N,075 30 00 E
141121,28.6167,77.4,Uttar Pradesh,state,BAHLOLPUR,28 37 00 N,077 24 00 E
271801,27.5833,81.6,Uttar Pradesh,state,BAHRAICH,27 35 00 N,081 36 00 E
712222,22.7833,88.3333,West Bengal,state,BAIDYABATI,22 47 00 N,088 20 00 E
481111,22.0667,80.6,Madhya Pradesh,state,BAIHAR,22 04 00 N,080 36 00 E
263641,29.9167,79.6167,Uttar Pradesh,state,BAIJNATH,29 55 00 N,079 37 00 E
493116,23.25,82.55,Madhya Pradesh,state,BAIKUNTHPUR,23 15 00 N,082 33 00 E
591102,15.8167,74.8667,Karnataka,state,BAIL HONGAL,15 49 00 N,074 52 00 E
303102,27.45,76.1833,Rajasthan,state,BAIRAT,27 27 00 N,076 11 00 E
757028,21.65,86.9,Orissa,state,BAISINGGA,21 39 00 N,086 54 00 E
713431,22.45,88.1833,West Bengal,state,BAKTA,22 27 00 N,088 11 00 E
843101,22.4,88.1833,West Bengal,state,BAKHRA,22 24 00 N,088 11 00 E
848201,25.5833,86.2667,Bihar,state,BAKHRI,25 35 00 N,086 16 00 E
803212,25.4667,85.5333,Bihar,state,BAKHTIYARPUR,25 28 00 N,085 32 00 E
176301,32.4667,75.9167,Himachal Pradesh,state,BAKLOH,32 28 00 N,075 55 00 E
431716,19.1333,73.1,Maharashtra,state,BAL,19 08 00 N,073 06 00 E
481001,21.8,80.2667,Madhya Pradesh,state,BALAGHAT,21 48 00 N,080 16 00 E
767001,20.6833,83.5,Orissa,state,BALANGIR,20 41 00 N,083 30 00 E
444302,20.6667,76.85,Maharashtra,state,BALAPUR,20 40 00 N,076 51 00 E
855121,23.1167,86.2167,West Bengal,state,BALARAMPUR,23 07 00 N,086 13 00 E
695501,8.4333,77.05,Kerala,state,BALARAMPURAM,08 26 00 N,077 03 00 E
394317,21.5,86.9333,Orissa,state,BALESHWAR,21 30 00 N,086 56 00 E
306701,25.8333,74.0833,Rajasthan,state,BALI,25 50 00 N,074 05 00 E
756026,21.6333,87.3333,Orissa,state,BALIAPAL,21 38 00 N,087 20 00 E
721422,21.8667,87.5833,West Bengal,state,BALIGHAI,21 52 00 N,087 35 00 E
721422,22.7333,88.3167,West Bengal,state,BALIGHAI,22 44 00 N,088 19 00 E
121004,28.3333,77.3167,Uttar Pradesh,state,BALLABGARH,28 20 00 N,077 19 00 E
713323,22.7333,88.35,West Bengal,state,BALLAVPUR,22 44 00 N,088 21 00 E
442701,19.8333,79.3667,Maharashtra,state,BALLALPUR,19 50 00 N,079 22 00 E
854208,25.75,84.15,Uttar Pradesh,state,BALLIA,25 45 00 N,084 09 00 E
711201,22.6333,88.35,West Bengal,state,BALLY,22 38 00 N,088 21 00 E
711201,22.65,88.35,West Bengal,state,BALLY,22 39 00 N,088 21 00 E
700019,22.5,88.3333,West Bengal,state,BALLYGUNGE,22 30 00 N,088 20 00 E
495559,21.6833,82.2167,Madhya Pradesh,state,BALODA BAZAR,21 41 00 N,082 13 00 E
344022,25.8333,72.35,Rajasthan,state,BALOTRA,25 50 00 N,072 21 00 E
733101,22.0833,88.0167,West Bengal,state,BALUGHATA,22 05 00 N,088 01 00 E
733101,25.2,88.8333,West Bengal,state,BALURGHAT,25 12 00 N,088 50 00 E
416213,18.9667,73.05,Maharashtra,state,BAMBAVADE,18 58 00 N,073 03 00 E
242402,24.0167,78.9833,Madhya Pradesh,state,BANDA,24 01 00 N,078 59 00 E
242402,25.4667,80.3333,Uttar Pradesh,state,BANDA,25 28 00 N,080 20 00 E
712123,22.9333,88.3667,West Bengal,state,BANDEL,22 56 00 N,088 22 00 E
303313,27.05,76.5667,Rajasthan,state,BANDIKUI,27 03 00 N,076 34 00 E
224125,22.7333,88.4333,West Bengal,state,BANDIPUR,22 44 00 N,088 26 00 E
571318,34.4167,74.65,Jammu and Kashmir,state,BANDIPURA,34 25 00 N,074 39 00 E
400050,19.0667,72.8333,Maharashtra,state,BANDRA,19 04 00 N,072 50 00 E
222127,28.7333,77.3833,Uttar Pradesh,state,BANEHRA,28 44 00 N,077 23 00 E
754008,21.8333,84.95,Orissa,state,BANEI,21 50 00 N,084 57 00 E
144505,31.1833,75.9833,Punjab,state,BANGA,31 11 00 N,075 59 00 E
560044,12.9667,77.5833,Karnataka,state,BANGALORE,12 58 00 N,077 35 00 E
852212,23.0167,88.8333,West Bengal,state,BANGAON,23 01 00 N,088 50 00 E
563114,,78.1833,Karnataka,state,BANGARAPET,12 59 00 N,078 11 00 E
757032,22.1667,86.6167,Orissa,state,BANGRIPOSI,22 10 00 N,086 37 00 E
813102,24.8833,86.9333,Bihar,state,BANKA,24 53 00 N,086 56 00 E
800004,22.8,88.2333,West Bengal,state,BANKIPUR,22 48 00 N,088 14 00 E
722101,23.2333,87.0833,West Bengal,state,BANKURA,23 14 00 N,087 05 00 E
854202,25.8833,87.1833,Bihar,state,BANMANKHI,25 53 00 N,087 11 00 E
458775,22.45,87.3667,West Bengal,state,BANPURA,22 27 00 N,087 22 00 E
312401,27.1833,82.7833,Uttar Pradesh,state,BANSI,27 11 00 N,082 47 00 E
327001,23.5333,74.4667,Rajasthan,state,BANSWARA,23 32 00 N,074 28 00 E
362620,21.4833,70.0833,Gujarat,state,BANTVA,21 29 00 N,070 05 00 E
140601,30.5333,76.7,Punjab,state,BANUR,30 32 00 N,076 42 00 E
342307,27.3667,76.3833,Rajasthan,state,BAP,27 22 00 N,076 23 00 E
422101,15.9333,80.5333,Andhra Pradesh,state,BAPATLA,15 56 00 N,080 32 00 E
811101,25.25,85.7,Bihar,state,BAR BIGHA,25 15 00 N,085 42 00 E
232325,25.2167,87.3667,Bihar,state,BARA,25 13 00 N,087 22 00 E
700036,22.7167,88.5167,West Bengal,state,BARANAGAR,22 43 00 N,088 31 00 E
225001,26.9333,81.1833,Uttar Pradesh,state,BARA BINKI,26 56 00 N,081 11 00 E
723127,23.0167,86.3333,West Bengal,state,BARABHUM,23 01 00 N,086 20 00 E
488051,22.2167,78.7,Madhya Pradesh,state,BARACHH,22 13 00 N,078 42 00 E
474041,23,78.2333,Madhya Pradesh,state,BARAI,23 00 00 N,078 14 00 E
713324,24.1167,86.2333,Bihar,state,BARAKAR,24 07 00 N,086 14 00 E
768110,21.5833,85.0833,Orissa,state,BARKOTE,21 35 00 N,085 05 00 E
742235,22.45,88.3667,West Bengal,state,BARALA,22 27 00 N,088 22 00 E
824112,22.95,86.3,Bihar,state,BARAM,22 57 00 N,086 18 00 E
413102,18.2,74.65,Maharashtra,state,BARAMATI,18 12 00 N,074 39 00 E
193101,34.2,74.4,Jammu and Kashmir,state,BARAMULA,34 12 00 N,074 24 00 E
325205,25.1333,76.3833,Rajasthan,state,BARAN,25 08 00 N,076 23 00 E
700036,22.6333,88.3667,West Bengal,state,BARANAGAR,22 38 00 N,088 22 00 E
712136,22.85,88.3667,West Bengal,state,BARASAT,22 51 00 N,088 22 00 E
700124,22.7167,88.5167,West Bengal,state,BARASAT,22 43 00 N,088 31 00 E
250611,29.1,77.25,Uttar Pradesh,state,BARAUT,29 06 00 N,077 15 00 E
758035,22.1,85.3333,Orissa,state,BARBIL,22 06 00 N,085 20 00 E
394601,21.1167,73.1167,Gujarat,state,BARDOLI,21 07 00 N,073 07 00 E
243124,28.3333,79.4,Uttar Pradesh,state,BAREILLY,28 20 00 N,079 24 00 E
794103,25.2667,90.2167,Meghalaya,state,BARENGAPARA,25 16 00 N,090 13 00 E
151501,29.8667,75.7,Punjab,state,BARETA,29 52 00 N,075 42 00 E
711404,22.65,88.1167,West Bengal,state,BARGACHIA,22 39 00 N,088 07 00 E
711404,22.8,88.6167,West Bengal,state,BARGACHIA,22 48 00 N,088 37 00 E
768028,21.3333,83.6167,Orissa,state,BARGARH,21 20 00 N,083 37 00 E
803213,25.4833,85.7167,Bihar,state,BARH,25 29 00 N,085 43 00 E
825405,24.3167,85.4167,Bihar,state,BARHI,24 19 00 N,085 25 00 E
852222,25.3,86.0333,Bihar,state,BARHIYA,25 18 00 N,086 02 00 E
464665,23.05,78.0833,Madhya Pradesh,state,BARI,23 03 00 N,078 05 00 E
328021,26.65,77.6167,Rajasthan,state,BARI,26 39 00 N,077 37 00 E
312403,24.3667,74.75,Rajasthan,state,BARI SADRI,24 22 00 N,074 45 00 E
757002,21.8667,86.8,Orissa,state,BARIPADA,21 52 00 N,086 48 00 E
344001,25.75,71.3833,Rajasthan,state,BARMER,25 45 00 N,071 23 00 E
456771,23.0167,75.4667,Madhya Pradesh,state,BARNAGAR,23 01 00 N,075 28 00 E
148101,30.4333,75.55,Punjab,state,BARNALA,30 26 00 N,075 33 00 E
124304,22.3167,73.2333,Gujarat,state,BARODA,22 19 00 N,073 14 00 E
465226,25.4833,76.7,Madhya Pradesh,state,BARODIA,25 29 00 N,076 42 00 E
785602,26.2667,93.8333,Assam,state,BARPATHAR,26 16 00 N,093 50 00 E
781301,26.3333,91.0333,Assam,state,BARPETA,26 20 00 N,091 02 00 E
700120,22.7667,88.3667,West Bengal,state,BARRACKPORE CANTONMENT,22 46 00 N,088 22 00 E
413401,18.2333,75.8,Maharashtra,state,BARSI,18 14 00 N,075 48 00 E
700018,22.55,88.2667,West Bengal,state,BARTALA,22 33 00 N,088 16 00 E
742165,22.7667,88.2333,West Bengal,state,BARUIPARA,22 46 00 N,088 14 00 E
700144,22.3667,88.4167,West Bengal,state,BARUIPUR,22 22 00 N,088 25 00 E
851112,25.4833,85.9833,Bihar,state,BARUNI,25 29 00 N,085 59 00 E
210502,23.85,86.4333,Bihar,state,BARWA,23 51 00 N,086 26 00 E
284201,25.3833,78.7,Uttar Pradesh,state,BARWA SAGAR,25 23 00 N,078 42 00 E
451115,22.2667,76.05,Madhya Pradesh,state,BARWAH,22 16 00 N,076 03 00 E
341550,28.7667,77.0667,Delhi,union territory,BARWALA,28 46 00 N,077 04 00 E
451551,22.0333,74.9333,Madhya Pradesh,state,BARWANI,22 02 00 N,074 56 00 E
743312,22.2,88.7,West Bengal,state,BASANTI,22 12 00 N,088 42 00 E
585327,17.8667,76.95,Karnataka,state,BASAVAKALYAN,17 52 00 N,076 57 00 E
140412,30.7,76.4833,Punjab,state,BASI,30 42 00 N,076 29 00 E
743411,22.6333,88.8667,West Bengal,state,BASIRHAT,22 38 00 N,088 52 00 E
431512,19.3667,77.1667,Maharashtra,state,BASMATA ,19 22 00 N,077 10 00 E
184201,32.4833,75.85,Jammu and Kashmir,state,BASOLI,32 29 00 N,075 51 00 E
756029,21.6833,87.05,Orissa,state,BASTA,21 41 00 N,087 03 00 E
272001,26.8,82.7333,Uttar Pradesh,state,BASTI,26 48 00 N,082 44 00 E
752013,21.8167,87.6333,West Bengal,state,BASUDEBPUR,21 49 00 N,087 38 00 E
700056,22.8167,88.4167,West Bengal,state,BASUDEBPUR,22 49 00 N,088 25 00 E
731202,24.1333,87.8667,West Bengal,state,BASWA,24 08 00 N,087 52 00 E
143506,31.8,75.25,Punjab,state,BATALA,31 48 00 N,075 15 00 E
700140,22.5167,88.25,West Bengal,state,BATANAGAR,22 31 00 N,088 15 00 E
470673,24.1167,79.35,Madhya Pradesh,state,BATIAGARH,24 07 00 N,079 21 00 E
182143,33.1,75.7167,Jammu and Kashmir,state,BATOTI,33 06 00 N,075 43 00 E
711305,22.4833,88.1667,West Bengal,state,BAURIA,22 29 00 N,088 10 00 E
123501,28.0833,76.6333,Haryana,state,BAWAL,28 05 00 N,076 38 00 E
321401,26.9167,77.3,Rajasthan,state,BAYANA,26 55 00 N,077 18 00 E
143201,31.5167,75.2833,Punjab,state,BEAS,31 31 00 N,075 17 00 E
305901,26.0333,74.3333,Rajasthan,state,BEAWAR,26 02 00 N,074 20 00 E
389311,22.5333,70.0333,Gujarat,state,BEDHIA,22 32 00 N,070 02 00 E
271402,23.6,78.3333,Madhya Pradesh,state,BEGAMGANJ,23 36 00 N,078 20 00 E
800009,28.7333,77.0667,Delhi,union territory,BEGAMPUR,28 44 00 N,077 04 00 E
851101,25.4167,86.1333,Bihar,state,BEGUSARAI,25 25 00 N,086 08 00 E
700034,22.5,88.3333,West Bengal,state,BEHALA,22 30 00 N,088 20 00 E
143532,28.6333,77.4,Uttar Pradesh,state,BEHRAMPUR,28 38 00 N,077 24 00 E
845489,2.9167,82,Uttar Pradesh,state,BELA,02 55 00 N,082 00 00 E
504251,19.0333,79.5,Andhra Pradesh,state,BELAMPALLI,19 02 00 N,079 30 00 E
400611,19.0167,73.0333,Maharashtra,state,BELAPUR,19 01 00 N,073 02 00 E
721424,22.0833,87.35,West Bengal,state,BELDA,22 05 00 N,087 21 00 E
590013,15.9,74.6,Karnataka,state,BELGAUM,15 54 00 N,074 36 00 E
813202,24.9667,86.5833,Bihar,state,BELHAR,24 58 00 N,086 35 00 E
583101,15.1833,76.9,Karnataka,state,BELLARY,15 11 00 N,076 54 00 E
712309,22.95,88.15,West Bengal,state,BELMURI,22 57 00 N,088 09 00 E
587114,13.1333,75.25,Karnataka,state,BELUR,13 08 00 N,075 15 00 E
816103,24.1833,87.6167,Bihar,state,BENAGARIA,24 11 00 N,087 37 00 E
815312,24.3167,86.3667,Bihar,state,BENGABAD,24 19 00 N,086 22 00 E
494774,24.0167,81.4167,Madhya Pradesh,state,BEOHARI,24 01 00 N,081 25 00 E
463106,23.6667,77.4167,Madhya Pradesh,state,BERASIA,23 40 00 N,077 25 00 E
332045,28.7333,76.6167,Haryana,state,BERI,28 44 00 N,076 37 00 E
829104,23.7833,85.95,Bihar,state,BERMO,23 47 00 N,085 57 00 E
741163,22.9167,88.2333,West Bengal,state,BETAI,22 55 00 N,088 14 00 E
757025,21.7333,86.85,Orissa,state,BETNOTI,21 44 00 N,086 51 00 E
845438,26.8167,84.5,Bihar,state,BETTIAH,26 49 00 N,084 30 00 E
460001,21.8333,77.9833,Madhya Pradesh,state,BETUL,21 50 00 N,077 59 00 E
210501,27.2167,79.3,Uttar Pradesh,state,BEWAR,27 13 00 N,079 18 00 E
673015,11.1833,75.7833,Kerala,state,BEYPORE,11 11 00 N,075 47 00 E
731142,22.9333,88.2167,West Bengal,state,BHABANIPUR,22 56 00 N,088 13 00 E
742134,25.65,88.25,West Bengal,state,BHABTA,25 39 00 N,088 15 00 E
821101,25.0667,83.65,Bihar,state,BHABUA,25 04 00 N,083 39 00 E
803307,30.5,75.3667,Punjab,state,BHADAUR,30 30 00 N,075 22 00 E
221401,25.4,82.5833,Uttar Pradesh,state,BHADOHI,25 24 00 N,082 35 00 E
321616,29.1333,75.2333,Rajasthan,state,BHADRA,29 08 00 N,075 14 00 E
507111,17.7,80.9833,Andhra Pradesh,state,BHADRACHALAM,17 42 00 N,080 59 00 E
756101,21.0833,86.6,Orissa,state,BHADRAK,21 05 00 N,086 36 00 E
442902,13.9,75.6333,Karnataka,state,BHADRAVATI,13 54 00 N,075 38 00 E
712124,22.8167,88.35,West Bengal,state,BHADRESWAR,22 49 00 N,088 21 00 E
812001,25.2333,86.9833,Bihar,state,BHAGALPUR,25 14 00 N,086 59 00 E
721601,22.1167,87.75,West Bengal,state,BHAGWANPUR,22 07 00 N,087 45 00 E
767048,19.1333,77.9833,Andhra Pradesh,state,BHAINSA,19 08 00 N,077 59 00 E
585328,18.0667,77.1667,Karnataka,state,BHALKI,18 04 00 N,077 10 00 E
441904,21.1667,73.1333,Maharashtra,state,BHANDARA,21 10 00 N,073 08 00 E
475335,25.7333,78.7333,Madhya Pradesh,state,BHANDER,25 44 00 N,078 44 00 E
400078,19.15,72.9333,Maharashtra,state,BHANDUP,19 09 00 N,072 56 00 E
743502,22.5167,88.6167,West Bengal,state,BHANGAR,22 31 00 N,088 37 00 E
761126,19.9667,84.6667,Orissa,state,BHANJANAGAR,19 58 00 N,084 40 00 E
360510,21.9333,69.7833,Gujarat,state,BHANVAD,21 56 00 N,069 47 00 E
742301,27.2333,77.4833,Rajasthan,state,BHARATPUR,27 14 00 N,077 29 00 E
731203,23.8833,88.0833,West Bengal,state,BHADRAPUR,23 53 00 N,088 05 00 E
206242,26.7833,79.2167,Uttar Pradesh,state,BHARTHANA,26 47 00 N,079 13 00 E
493118,21.6,81.9333,Madhya Pradesh,state,BHATAPARA,21 36 00 N,081 56 00 E
713125,23.4167,87.9167,West Bengal,state,BHATAR,23 25 00 N,087 55 00 E
151003,30.1667,74.9667,Punjab,state,BHATINDA,30 10 00 N,074 58 00 E
581320,13.9833,74.5667,Karnataka,state,BHATKAL,13 59 00 N,074 34 00 E
743123,22.85,88.5167,West Bengal,state,BHATPARA,22 51 00 N,088 31 00 E
391130,22.7167,88.4167,West Bengal,state,BHATPUR,22 43 00 N,088 25 00 E
522256,16.1,80.7833,Andhra Pradesh,state,BHATTIPROLU,16 06 00 N,080 47 00 E
638301,11.4667,77.6833,Tamil Nadu,state,BHAVANI,11 28 00 N,077 41 00 E
364001,21.7667,72.2333,Gujarat,state,BHAVNAGAR,21 46 00 N,072 14 00 E
326502,24.4167,75.8333,Rajasthan,state,BHAWANI MANDI,24 25 00 N,075 50 00 E
148026,30.2667,76.0333,Punjab,state,BHAWANIGARH,30 16 00 N,076 02 00 E
766117,19.95,83.1667,Orissa,state,BHAWANIPATNA,19 57 00 N,083 10 00 E
182222,32.9333,75.7833,Jammu and Kashmir,state,BHDERWAH,32 56 00 N,075 47 00 E
275101,28.6667,77.4167,Uttar Pradesh,state,BHEANJAN,28 40 00 N,077 25 00 E
713126,23.6,87.7,West Bengal,state,BHEDIA,23 36 00 N,087 42 00 E
400007,18.8833,72.9833,Maharashtra,state,BHENDI,18 53 00 N,072 59 00 E
451331,21.8667,75.95,Madhya Pradesh,state,BHIKANGAON,21 52 00 N,075 57 00 E
490009,21.2,81.4333,Madhya Pradesh,state,BHILAI,21 12 00 N,081 26 00 E
311001,25.3833,74.65,Rajasthan,state,BHILWARA,25 23 00 N,074 39 00 E
534201,16.5667,81.5833,Andhra Pradesh,state,BHIMAVARAM,16 34 00 N,081 35 00 E
741167,22.6167,87.1333,West Bengal,state,BHIMPUR,22 37 00 N,087 08 00 E
741167,22.7667,88.1333,West Bengal,state,BHIMPUR,22 46 00 N,088 08 00 E
275206,28.75,77.45,Uttar Pradesh,state,BHIMPURA,28 45 00 N,077 27 00 E
477001,26.55,78.7833,Madhya Pradesh,state,BHIND,26 33 00 N,078 47 00 E
271831,27.7,81.9167,Uttar Pradesh,state,BHINGA,27 42 00 N,081 55 00 E
343029,25,72.3667,Rajasthan,state,BHINMAL,25 00 00 N,072 22 00 E
421302,19.35,73.1333,Maharashtra,state,BHIWANDI,19 21 00 N,073 08 00 E
125022,28.8333,76.1667,Haryana,state,BHIWANI,28 50 00 N,076 10 00 E
828303,23.6,86.5333,Bihar,state,BHOJUDIH,23 36 00 N,086 32 00 E
431114,20.3,75.8333,Maharashtra,state,BHOKARDAN,20 18 00 N,075 50 00 E
205262,27.25,79.1833,Uttar Pradesh,state,BHONGAON,27 15 00 N,079 11 00 E
508116,17.55,78.9167,Andhra Pradesh,state,BHONGIR,17 33 00 N,078 55 00 E
462003,23.2833,77.4667,Madhya Pradesh,state,BHOPAL,23 17 00 N,077 28 00 E
275302,28.7,77.3333,Uttar Pradesh,state,BHOPURA,28 42 00 N,077 20 00 E
263132,29.3667,79.5167,Uttar Pradesh,state,BHOWALI,29 22 00 N,079 31 00 E
759017,20.8667,85.85,Orissa,state,BHUBAN,20 52 00 N,085 51 00 E
751001,20.2167,85.8333,Orissa,state,BHUBANESWAR,20 13 00 N,085 50 00 E
151101,30.2167,75.1,Punjab,state,BHUCHO,30 13 00 N,075 06 00 E
370001,23.2,69.9,Gujarat,state,BHUJ,23 12 00 N,069 54 00 E
147003,30.2167,76.45,Punjab,state,BHUNARHERI,30 13 00 N,076 27 00 E
425201,21.0167,75.8333,Maharashtra,state,BHUSAWAL,21 01 00 N,075 50 00 E
465674,23.85,76.9167,Madhya Pradesh,state,BIAORA,23 51 00 N,076 55 00 E
481892,22.45,80.7,Madhya Pradesh,state,BICHHIA,22 27 00 N,080 42 00 E
585401,17.9333,77.5833,Karnataka,state,BIDAR,17 56 00 N,077 35 00 E
206243,26.8,79.5,Uttar Pradesh,state,BIDHUNA,26 48 00 N,079 30 00 E
764001,22.8333,88.4,West Bengal,state,BIDYADHARPUR,22 50 00 N,088 24 00 E
803101,25.2167,85.5167,Bihar,state,BIHAR SHARIF,25 13 00 N,085 31 00 E
802212,25.7333,86.9833,Bihar,state,BIHARIGANJ,25 44 00 N,086 59 00 E
801103,25.5667,84.85,Bihar,state,BIHTA,25 34 00 N,084 51 00 E
305624,25.9333,74.6333,Rajasthan,state,BIJAINAGAR,25 56 00 N,074 38 00 E
,24.7667,77.8,Madhya Pradesh,state,BIJAIPURA,24 46 00 N,077 48 00 E
586101,16.7833,75.8,Karnataka,state,BIJAPUR,16 47 00 N,075 48 00 E
476332,18.8,80.8167,Madhya Pradesh,state,BIJAPUR,18 48 00 N,080 49 00 E
471405,24.6,79.5,Madhya Pradesh,state,BIJAWAR,24 36 00 N,079 30 00 E
192124,33.8,75.1,Jammu and Kashmir,state,BIJBIARA,33 48 00 N,075 06 00 E
734201,22.9167,88.45,West Bengal,state,BIJANBARI,22 55 00 N,088 27 00 E
783390,26.5,90.6667,Assam,state,BIJNI,26 30 00 N,090 40 00 E
246701,29.3667,78.15,Uttar Pradesh,state,BIJNOR,29 22 00 N,078 09 00 E
700110,22.9333,88.45,West Bengal,state,BIJOYPUR,22 56 00 N,088 27 00 E
110061,28.5333,77.05,Delhi,union territory,BIJWASAN,28 32 00 N,077 03 00 E
334002,28.0167,73.3667,Rajasthan,state,BIKANER,28 01 00 N,073 22 00 E
342602,26.1667,73.8,Rajasthan,state,BILARA,26 10 00 N,073 48 00 E
202411,28.6167,78.8,Uttar Pradesh,state,BILARI,28 37 00 N,078 48 00 E
783348,26.2333,90.2333,Assam,state,BILASIPARA,26 14 00 N,090 14 00 E
495660,31.3,76.8,Himachal Pradesh,state,BILASPUR,31 18 00 N,076 48 00 E
244921,28.8833,79.2667,Uttar Pradesh,state,BILASPUR,28 53 00 N,079 16 00 E
241301,27.1667,80.05,Uttar Pradesh,state,BILGRAM,27 10 00 N,080 03 00 E
396321,20.75,72.95,Gujarat,state,BILIMORA,20 45 00 N,072 57 00 E
243633,28.1333,78.8667,Uttar Pradesh,state,BILSI,28 08 00 N,078 52 00 E
852148,24.15,78.1667,Madhya Pradesh,state,BINA,24 09 00 N,078 10 00 E
212635,26.0333,8.05,Uttar Pradesh,state,BINDKI,26 02 00 N,008 03 00 E
721502,22.6,87,West Bengal,state,BINPUR,22 36 00 N,087 00 00 E
450110,18.9833,75.8333,Maharashtra,state,BIR,18 59 00 N,075 50 00 E
700051,22.7833,88.5667,West Bengal,state,BIRATI,22 47 00 N,088 34 00 E
700051,22.65,88.45,West Bengal,state,BIRATI,22 39 00 N,088 27 00 E
770033,22.4,84.7667,Orissa,state,BIRMITRAPUR,22 24 00 N,084 46 00 E
845363,23.2333,88.55,West Bengal,state,BIRNAGAR,23 14 00 N,088 33 00 E
306127,28.1667,72.25,Rajasthan,state,BISHALPUR,28 10 00 N,072 15 00 E
577116,13.6333,76,Karnataka,state,BIRUR,13 38 00 N,076 00 00 E
757033,22.1667,86.4,Orissa,state,SS,22 10 00 N,086 24 00 E
262201,28.3,79.8,Uttar Pradesh,state,BISALPUR,28 18 00 N,079 48 00 E
795126,24.6667,93.75,Manipur,state,BISHENPUR,24 40 00 N,093 45 00 E
181132,32.6167,74.8667,Jammu and Kashmir,state,BISHNAH,32 37 00 N,074 52 00 E
793004,22.3833,88.2667,West Bengal,state,BISHNUPUR,22 23 00 N,088 16 00 E
712601,22.6167,88.5167,West Bengal,state,BISHNUPUR,22 37 00 N,088 31 00 E
743395,23.0833,87.3333,West Bengal,state,BISHNUPUR,23 05 00 N,087 20 00 E
854207,24.25,83.9333,Bihar,state,BISRAMPUR,24 15 00 N,083 56 00 E
261201,27.5,81,Uttar Pradesh,state,BISWAN,27 30 00 N,081 00 00 E
532558,18.5333,83.4833,Andhra Pradesh,state,BOBBILI,18 32 00 N,083 29 00 E
824231,24.7,84.9833,Bihar,state,BODH GAYA,24 42 00 N,084 59 00 E
503185,18.6667,77.85,Andhra Pradesh,state,BODHAN,18 40 00 N,077 51 00 E
626513,10.0333,77.3,Tamil Nadu,state,BODINAYAKKANUR,10 02 00 N,077 18 00 E
424312,18.8833,72.9667,Maharashtra,state,BOKUND,18 53 00 N,072 58 00 E
731204,23.6667,87.6833,West Bengal,state,BOLPUR,23 40 00 N,087 41 00 E
400008,18.9333,72.85,Maharashtra,state,BOMBAY,18 56 00 N,072 51 00 E
783380,26.4667,90.5667,Assam,state,BONGAIGAON,26 28 00 N,090 34 00 E
400071,19.0333,72.9167,Maharashtra,state,BORLA ,19 02 00 N,072 55 00 E
388540,22.4,72.9833,Gujarat,state,BORSAD,22 24 00 N,072 59 00 E
364710,22.2,71.7333,Gujarat,state,BOTAD,22 12 00 N,071 44 00 E
700096,19.3167,84.7833,Orissa,state,BRAHMAPUR,19 19 00 N,084 47 00 E
700096,22.4667,88.3667,West Bengal,state,BRAHMAPUR,22 28 00 N,088 22 00 E
243601,28.0333,79.1167,Uttar Pradesh,state,BUDAUN,28 02 00 N,079 07 00 E
151502,29.9333,75.5667,Punjab,state,BUDHLADA,29 56 00 N,075 34 00 E
443001,20.5167,76.3,Maharashtra,state,BULDANA,20 31 00 N,076 18 00 E
323001,25.4667,75.7,Rajasthan,state,BUNDI,25 28 00 N,075 42 00 E
835204,23.1333,85.3167,Bihar,state,BUNDU,23 08 00 N,085 19 00 E
450331,21.3,76.2333,Madhya Pradesh,state,BURHANPUR,21 18 00 N,076 14 00 E
484110,23.2167,81.5333,Madhya Pradesh,state,BURHAR,23 13 00 N,081 32 00 E
135101,30.15,77.35,Haryana,state,BURIYA,30 09 00 N,077 21 00 E
713325,23.6667,86.95,West Bengal,state,BURNPUR,23 40 00 N,086 57 00 E
802101,25.5833,84,Bihar,state,BUXAR,25 35 00 N,084 00 00 E
581106,14.6333,75.5167,Karnataka,state,BYADGI,14 38 00 N,075 31 00 E
400008,18.9667,72.8333,Maharashtra,state,BYCULLA POINT,18 58 00 N,072 50 00 E
700001,22.5,88.3333,West Bengal,state,KOLKATA,22 30 00 N,088 20 00 E
673001,11.25,75.75,Kerala,state,CALICUT,11 15 00 N,075 45 00 E
481672,22.8167,80.6833,Madhya Pradesh,state,CHABI,22 49 00 N,080 41 00 E
833201,22.5167,85.8333,Bihar,state,CHAIBASA,22 31 00 N,085 50 00 E
845304,23.1333,84.25,Bihar,state,CHAINPUR,23 08 00 N,084 15 00 E
741222,23.05,88.5333,West Bengal,state,CHAKDAHA,23 03 00 N,088 32 00 E
232103,26.4167,85.05,Bihar,state,CHAKIA,26 25 00 N,085 03 00 E
848120,22.7,85.6333,Bihar,state,CHAKRADHARPUR,22 42 00 N,085 38 00 E
248123,30.7,77.8667,Uttar Pradesh,state,CHAKRATA,30 42 00 N,077 52 00 E
832301,22.4833,86.75,Bihar,state,CHAKULIA,22 29 00 N,086 45 00 E
424101,20.4667,75.0167,Maharashtra,state,CHALISGAON,20 28 00 N,075 01 00 E
577522,14.3167,76.6667,Karnataka,state,CHALLAKERE,14 19 00 N,076 40 00 E
176310,32.55,76.1667,Himachal Pradesh,state,CHAMBA,32 33 00 N,076 10 00 E
246424,30.3667,79.3167,Uttar Pradesh,state,CHAMOLI,30 22 00 N,079 19 00 E
495617,22.0333,82.7,Madhya Pradesh,state,CHAMPA,22 02 00 N,082 42 00 E
712401,22.8333,87.9667,West Bengal,state,CHAMPADANGA,22 50 00 N,087 58 00 E
743330,22.3833,88.4833,West Bengal,state,CHAMPAHATI,22 23 00 N,088 29 00 E
854119,24.0333,86.5167,Bihar,state,CHAMPAPUR,24 02 00 N,086 31 00 E
262523,29.4333,80.1,Uttar Pradesh,state,CHAMPAWAT,29 26 00 N,080 06 00 E
712222,22.8167,88.35,West Bengal,state,CHAMPDANI,22 49 00 N,088 21 00 E
758041,22.0833,85.6667,Orissa,state,CHAMPUA,22 05 00 N,085 40 00 E
571313,11.9667,76.9,Karnataka,state,CHAMRAJNAGAR,11 58 00 N,076 54 00 E
384220,23.7167,72.1167,Gujarat,state,CHANASMA,23 43 00 N,072 07 00 E
756133,22.0833,87,Orissa,state,CHANDBALI,22 05 00 N,087 00 00 E
212601,28.5333,80.7167,Uttar Pradesh,state,CHANDAN CHAUKI,28 32 00 N,080 43 00 E
400002,20.3333,74.25,Maharashtra,state,CHANDAN WADI,20 20 00 N,074 15 00 E
828134,23.5667,86.3667,Bihar,state,CHANDANKIARI,23 34 00 N,086 22 00 E
712136,22.85,88.35,West Bengal,state,CHANDANNAGAR,22 51 00 N,088 21 00 E
202412,28.45,78.7167,Uttar Pradesh,state,CHANDAUSI,28 27 00 N,078 43 00 E
756133,20.7667,86.8167,Orissa,state,CHANDBALI,20 46 00 N,086 49 00 E
473446,24.7167,78.1333,Madhya Pradesh,state,CHANDERI,24 43 00 N,078 08 00 E
160017,30.75,76.8,Punjab,state,CHANDIGARH,30 45 00 N,076 48 00 E
832401,22.9667,86.0667,Bihar,state,CHANDIL,22 58 00 N,086 04 00 E
712702,22.6833,88.2667,West Bengal,state,CHANDITALA,22 41 00 N,088 16 00 E
471525,25.0833,80.2,Madhya Pradesh,state,CHANDLA,25 05 00 N,080 12 00 E
731241,22.9667,88.7833,West Bengal,state,CHANDPARA,22 58 00 N,088 47 00 E
854119,28.75,77.0167,Delhi,union territory,CHANDPUR,28 45 00 N,077 01 00 E
246725,29.1333,78.2667,Uttar Pradesh,state,CHANDPUR,29 08 00 N,078 16 00 E
828136,22.4667,87.1667,West Bengal,state,CHANDRA,22 28 00 N,087 10 00 E
721201,22.7333,87.5167,West Bengal,state,CHANDRAKONA,22 44 00 N,087 31 00 E
721201,22.7333,87.35,West Bengal,state,CHANDRAKONA ROAD,22 44 00 N,087 21 00 E
781150,19.9667,79.35,Maharashtra,state,CHANDRAPUR,19 58 00 N,079 21 00 E
577213,14.05,75.9,Karnataka,state,CHANNAGIRI,14 03 00 N,075 54 00 E
571501,12.7167,77.2333,Karnataka,state,CHANNAPATNA,12 43 00 N,077 14 00 E
782425,26.2,92.5333,Assam,state,CHAPARMUKH,26 12 00 N,092 32 00 E
841301,23.5167,88.6667,West Bengal,state,CHAPRA,23 31 00 N,088 40 00 E
713330,23.7333,87.05,West Bengal,state,CHARANPUR,23 44 00 N,087 03 00 E
784103,26.8667,92.7667,Assam,state,CHARDUAR,26 52 00 N,092 46 00 E
285136,25.4,79.75,Uttar Pradesh,state,CHARKHARI,25 24 00 N,079 45 00 E
123306,28.6167,76.3167,Haryana,state,CHARKHI DADRI,28 37 00 N,076 19 00 E
400067,19.2167,72.8167,Maharashtra,state,CHARKOP,19 13 00 N,072 49 00 E
827013,23.6333,86.1667,Bihar,state,CHAS,23 38 00 N,086 10 00 E
825401,24.2333,84.95,Bihar,state,CHATRA,24 14 00 N,084 57 00 E
731238,22.7667,88.3333,West Bengal,state,CHATRA,22 46 00 N,088 20 00 E
761020,19.35,84.9833,Orissa,state,CHATRAPUR,19 21 00 N,084 59 00 E
402203,18.5833,72.95,Maharashtra,state,CHAUL,18 35 00 N,072 57 00 E
825406,24.4,85.25,Bihar,state,CHAUPARAN,24 24 00 N,085 15 00 E
680506,10.5333,76.1,Kerala,state,CHAVAKKAD,10 32 00 N,076 06 00 E
723158,23.6,86.5667,West Bengal,state,CHELYAMA,23 36 00 N,086 34 00 E
400071,19.05,72.9,Maharashtra,state,CHEMBUR,19 03 00 N,072 54 00 E
603001,12.7,80.0167,Tamil Nadu,state,CHENGALPATTU,12 42 00 N,080 01 00 E
689121,10.4333,76.6333,Kerala,state,CHENGANNUR,10 26 00 N,076 38 00 E
600001,13.0833,80.3,Tamil Nadu,state,CHENNAI CENTRAL,13 05 00 N,080 18 00 E
793108,25.2667,91.7,Meghalaya,state,CHERRAPUNJI,25 16 00 N,091 42 00 E
600031,12.4667,79.35,Tamil Nadu,state,CHETPUT,12 28 00 N,079 21 00 E
325220,24.65,76.8333,Rajasthan,state,CHHABRA,24 39 00 N,076 50 00 E
135103,30.2333,77.3667,Haryana,state,CHHACHHRAULI,30 14 00 N,077 22 00 E
202130,28.55,77.3333,Uttar Pradesh,state,CHHALERA BANGAR,28 33 00 N,077 20 00 E
841301,25.7667,84.75,Bihar,state,CHHAPRA,25 46 00 N,084 45 00 E
822113,24.9,79.5833,Madhya Pradesh,state,CHHATARPUR,24 54 00 N,079 35 00 E
143105,31.6333,74.8,Punjab,state,CHHEHARTA,31 38 00 N,074 48 00 E
202721,27.15,79.5,Uttar Pradesh,state,CHHIBRAMAU,27 09 00 N,079 30 00 E
480001,22.0667,78.9667,Madhya Pradesh,state,CHHINDWARA,22 04 00 N,078 58 00 E
273414,27.15,83.9833,Uttar Pradesh,state,CHHITAUNI,27 09 00 N,083 59 00 E
391165,22.3167,74.05,Gujarat,state,CHHOTA UDEPUR,22 19 00 N,074 03 00 E
460330,22.0167,77.6667,Madhya Pradesh,state,CHICHOLI,22 01 00 N,077 40 00 E
608001,11.4167,79.7,Tamil Nadu,state,CHIDAMBARAM,11 25 00 N,079 42 00 E
562101,13.4833,77.7167,Karnataka,state,CHIKBALLAPUR,13 29 00 N,077 43 00 E
396521,20.35,76.3167,Maharashtra,state,CHIKHLI,20 21 00 N,076 19 00 E
577101,13.3333,75.7667,Karnataka,state,CHIKMAGALUR,13 20 00 N,075 46 00 E
591201,16.4167,74.85,Karnataka,state,CHIKODI,16 25 00 N,074 51 00 E
522616,16.0833,80.1667,Andhra Pradesh,state,CHILAKALURIPETA,16 05 00 N,080 10 00 E
110094,28.6,77.3,Delhi,union territory,CHILLA VILLEGE,28 36 00 N,077 18 00 E
585307,18.85,77.2667,Maharashtra,state,CHINCHOLI,18 51 00 N,077 16 00 E
182141,33.0167,75.3333,Jammu and Kashmir,state,CHINENI,33 01 00 N,075 20 00 E
627855,13.4333,78.0833,Karnataka,state,CHINTAMANI,13 26 00 N,078 05 00 E
415605,17.3833,73.5333,Maharashtra,state,CHIPLUN,17 23 00 N,073 32 00 E
400002,19.15,73.1167,Maharashtra,state,CHIRA,19 09 00 N,073 07 00 E
523155,15.8667,80.4333,Andhra Pradesh,state,CHIRALA,15 52 00 N,080 26 00 E
333026,28.2,75.7,Rajasthan,state,CHIRAWA,28 12 00 N,075 42 00 E
284801,25.5667,78.8167,Uttar Pradesh,state,CHIRGAON,25 34 00 N,078 49 00 E
585211,17.1167,77.0833,Karnataka,state,CHITAPUR,17 07 00 N,077 05 00 E
757018,21.8333,86.95,Orissa,state,CHITRADA,21 50 00 N,086 57 00 E
577501,14.2667,76.3833,Karnataka,state,CHITRADURGA,14 16 00 N,076 23 00 E
210204,25.2167,80.8,Uttar Pradesh,state,CHITRAKOTE,25 13 00 N,080 48 00 E
713331,23.8667,86.8667,West Bengal,state,CHITTARANJAN,23 52 00 N,086 52 00 E
312001,24.8833,74.6333,Rajasthan,state,CHITTAURGARH,24 53 00 N,074 38 00 E
637109,13.2167,79.1,Andhra Pradesh,state,CHITTOOR,13 13 00 N,079 06 00 E
689663,10.7,76.7667,Kerala,state,CHITTUR,10 42 00 N,076 46 00 E
531036,17.8333,82.95,Andhra Pradesh,state,CHODAVARAM,17 50 00 N,082 57 00 E
303702,27.15,7.9,Rajasthan,state,CHOMUN,27 09 00 N,007 54 00 E
792104,27.8,96.05,Arunachal Pradesh,union territory,CHONKHAM,27 48 00 N,096 03 00 E
231205,24.5333,83.0333,Uttar Pradesh,state,CHOPAN,24 32 00 N,083 02 00 E
425107,21.25,75.3333,Maharashtra,state,CHOPDA,21 15 00 N,075 20 00 E
363520,22.3833,71.3,Gujarat,state,CHOTILA,22 23 00 N,071 18 00 E
231304,25.1333,82.9,Uttar Pradesh,state,CHUNAR,25 08 00 N,082 54 00 E
795128,24.3333,93.6667,Manipur,state,CHURACHANDPUR,24 20 00 N,093 40 00 E
331001,28.3,75,Rajasthan,state,CHURU,28 18 00 N,075 00 00 E
641001,11,76.95,Tamil Nadu,state,COIMBATORE,11 00 00 N,076 57 00 E
400005,18.9,72.8,Maharashtra,state,COLABA,18 54 00 N,072 48 00 E
813203,25.2667,87.2167,Bihar,state,COLGONG,25 16 00 N,087 13 00 E
271308,27.1167,81.7,Uttar Pradesh,state,COLONELGANJ,27 07 00 N,081 42 00 E
721401,21.7833,87.75,West Bengal,state,CONTAI,21 47 00 N,087 45 00 E
643101,11.35,76.7667,Tamil Nadu,state,COONOOR,11 21 00 N,076 46 00 E
607001,11.7167,79.7667,Tamil Nadu,state,CUDDALORE,11 43 00 N,079 46 00 E
516001,14.5,78.8333,Andhra Pradesh,state,CUDDAPAH,14 30 00 N,078 50 00 E
753001,20.4333,85.9333,Orissa,state,CUTTACK,20 26 00 N,085 56 00 E
384328,22.1833,73.4333,Gujarat,state,DABHOI,22 11 00 N,073 26 00 E
415706,17.6667,73.1667,Maharashtra,state,DABHOL,17 40 00 N,073 10 00 E
475110,25.9333,78.3333,Madhya Pradesh,state,DABRA,25 56 00 N,078 20 00 E
335503,28.6167,77.0833,Delhi,union territory,DABRI,28 37 00 N,077 05 00 E
400014,19.4167,72.8333,Maharashtra,state,DADAR,19 25 00 N,072 50 00 E
202133,27.9667,78.45,Uttar Pradesh,state,DADON,27 58 00 N,078 27 00 E
203207,28.5,77.5833,Uttar Pradesh,state,DADRI,28 30 00 N,077 35 00 E
173210,30.8833,77.0333,Himachal Pradesh,state,DAGSHAI,30 53 00 N,077 02 00 E
721504,22.5167,86.9833,West Bengal,state,DAHIJURI,22 31 00 N,086 59 00 E
464996,22.8,74.3,Gujarat,state,DAHOD,22 48 00 N,074 18 00 E
713502,23.6167,88.0667,West Bengal,state,DAINHAT,23 37 00 N,088 04 00 E
731245,24.05,87.8,West Bengal,state,DAKSHINGRAM,24 03 00 N,087 48 00 E
176304,32.5333,76.0167,Himachal Pradesh,state,DALHOUSIE,32 32 00 N,076 01 00 E
229203,26.05,81.05,Uttar Pradesh,state,DALMAU,26 03 00 N,081 03 00 E
848114,25.6833,85.8333,Bihar,state,DALSINGH SARAI,25 41 00 N,085 50 00 E
735208,26.7833,89.3667,West Bengal,state,DALSINGPARA,26 47 00 N,089 22 00 E
396210,20.4167,72.9667,Damàn and Diu,union territory,DAMAN,20 25 00 N,072 58 00 E
470661,23.8333,79.5,Madhya Pradesh,state,DAMOH,23 50 00 N,079 30 00 E
400101,19.05,73.0667,Maharashtra,state,DAMU PADA,19 03 00 N,073 04 00 E
581325,15.3,74.7,Karnataka,state,DANDELI,15 18 00 N,074 42 00 E
755026,21.5,86.3167,Orissa,state,DANGADI,21 30 00 N,086 19 00 E
721426,21.95,87.3333,West Bengal,state,DANTAN,21 57 00 N,087 20 00 E
494449,18.8667,81.4167,Madhya Pradesh,state,DANTEWARA,18 52 00 N,081 25 00 E
846004,26.1667,85.9,Bihar,state,DARBHANGA,26 10 00 N,085 54 00 E
445202,20.3333,77.8333,Maharashtra,state,DARWHA,20 20 00 N,077 50 00 E
225403,26.9,81.5167,Uttar Pradesh,state,DARYABAD,26 54 00 N,081 31 00 E
444803,20.9333,77.3333,Maharashtra,state,DARYAPUR,20 56 00 N,077 20 00 E
382750,23.3,71.9167,Gujarat,state,DASADA,23 18 00 N,071 55 00 E
752084,20.35,84.85,Orissa,state,DASPALLA,20 21 00 N,084 51 00 E
144205,31.8,75.7,Punjab,state,DASUYA,31 48 00 N,075 42 00 E
475661,25.6833,78.4667,Madhya Pradesh,state,DATIA,25 41 00 N,078 28 00 E
824113,25.05,84.4,Bihar,state,DAUDNAGAR,25 03 00 N,084 24 00 E
733146,28.7333,77.1,Delhi,union territory,DAULATPUR,28 44 00 N,077 06 00 E
733146,22.4333,88.3,West Bengal,state,DAULATPUR,22 26 00 N,088 18 00 E
413801,18.4667,74.6333,Maharashtra,state,DAUND,18 28 00 N,074 38 00 E
303303,26.8833,76.3333,Rajasthan,state,DAUSA,26 53 00 N,076 20 00 E
577001,14.5,75.8667,Karnataka,state,DAVANGERE,14 30 00 N,075 52 00 E
741137,23.6833,88.2833,West Bengal,state,DEBAGRAM,23 41 00 N,088 17 00 E
742124,24.2333,88.6333,West Bengal,state,DEBIPUR,24 14 00 N,088 38 00 E
721126,22.4,87.55,West Bengal,state,DEBRA,22 24 00 N,087 33 00 E
342314,26.7833,72.3333,Rajasthan,state,DECHU,26 47 00 N,072 20 00 E
393040,21.6333,73.5833,Gujarat,state,DEDIAPADA,21 38 00 N,073 35 00 E
743423,22.6667,88.65,West Bengal,state,DEGANGA,22 40 00 N,088 39 00 E
756036,21.6667,87.4167,Orissa,state,DEHURDA,21 40 00 N,087 25 00 E
271314,30.3167,78.05,Uttar Pradesh,state,DEHRAS,30 19 00 N,078 03 00 E
821305,24.9167,84.1833,Bihar,state,DEHRI,24 55 00 N,084 11 00 E
412101,18.7167,73.7667,Maharashtra,state,DEHU,18 43 00 N,073 46 00 E
431813,28.6667,77.2167,Delhi,union territory,DELHI,28 40 00 N,077 13 00 E
110006,28.6,77.1333,Delhi,union territory,DELHI CANTONMENT,28 36 00 N,077 08 00 E
635107,12.5333,77.8,Tamil Nadu,state,DENKANIKOTA,12 32 00 N,077 48 00 E
247554,29.6833,77.6667,Uttar Pradesh,state,DEOBAND,29 41 00 N,077 40 00 E
731145,24.05,87.5833,West Bengal,state,DEOCHA,24 03 00 N,087 35 00 E
276208,24.5333,78.2333,Uttar Pradesh,state,DEOGAON,24 32 00 N,078 14 00 E
768108,21.5333,84.7667,Orissa,state,DEOGARH,21 32 00 N,084 46 00 E
313331,-25.5167,73.9667,Rajasthan,state,DEOGARH,25 31 00 S,073 58 00 E
824114,24.5167,86.7,Bihar,state,DEOHARA,24 31 00 N,086 42 00 E
422401,19.9667,73.9,Maharashtra,state,DEOLALI,19 58 00 N,073 54 00 E
757021,28.5,77.2333,Delhi,union territory,DEOLI,28 30 00 N,077 14 00 E
757021,22.0167,86.9,Orissa,state,DEOLI,22 01 00 N,086 54 00 E
815321,23.1333,78.6833,Madhya Pradesh,state,DEORI,23 08 00 N,078 41 00 E
470226,23.75,82.5333,Madhya Pradesh,state,DEORI,23 45 00 N,082 32 00 E
464774,23.4,79.0167,Madhya Pradesh,state,DEORI (RAISEN),23 24 00 N,079 01 00 E
843120,26.5167,83.8,Uttar Pradesh,state,DEORIA,26 31 00 N,083 48 00 E
721453,21.7333,87.55,West Bengal,state,DEPAL,21 44 00 N,087 33 00 E
143604,32.0333,75.0167,Punjab,state,DERA NANAK,32 02 00 N,075 01 00 E
785614,26.7,93.9667,Assam,state,DERGAON,26 42 00 N,093 58 00 E
334801,27.8,73.35,Rajasthan,state,DESHNOKE,27 48 00 N,073 21 00 E
443204,20.0167,76.1667,Maharashtra,state,DEULGAON RAJA,20 01 00 N,076 10 00 E
623302,9.9167,78.8167,Tamil Nadu,state,DEVAKOTTAI,09 55 00 N,078 49 00 E
389380,22.7,73.9,Gujarat,state,DEVGADH BARIYA,22 42 00 N,073 54 00 E
304804,25.75,75.3833,Rajasthan,state,DEOLI,25 45 00 N,075 23 00 E
455001,22.9833,76.05,Madhya Pradesh,state,DEWAS,22 59 00 N,076 03 00 E
845418,26.6833,85.1667,Bihar,state,DHAKA,26 41 00 N,085 10 00 E
451110,24.7333,77.8667,Madhya Pradesh,state,DHAKALGAON,24 44 00 N,077 52 00 E
246761,29.3,78.5333,Uttar Pradesh,state,DHAMPUR,29 18 00 N,078 32 00 E
493773,20.7167,81.6,Madhya Pradesh,state,DHAMTARI,20 43 00 N,081 36 00 E
148105,30.2833,76.5833,Punjab,state,DHANAULA,30 17 00 N,076 35 00 E
244231,28.95,78.25,Uttar Pradesh,state,DHANAURA,28 57 00 N,078 15 00 E
826001,23.7833,86.5333,Bihar,state,DHANBAD,23 47 00 N,086 32 00 E
382460,22.3667,72.0833,Gujarat,state,DHANDHUKA,22 22 00 N,072 05 00 E
385310,23.4167,86.65,West Bengal,state,DHANERA,23 25 00 N,086 39 00 E
712302,22.9667,88.1,West Bengal,state,DHANIAKHALI,22 58 00 N,088 06 00 E
828106,19.1167,73.0833,Maharashtra,state,DHANSAR,19 07 00 N,073 05 00 E
623526,9.2,79.4167,Tamil Nadu,state,DHANUSHKODI,09 12 00 N,079 25 00 E
480001,22.5333,75.4,Madhya Pradesh,state,DHAR,22 32 00 N,075 24 00 E
735307,20.5167,73.2667,Gujarat,state,DHARAMPUR,20 31 00 N,073 16 00 E
425105,21.0167,75.2667,Maharashtra,state,DHARANGAON,21 01 00 N,075 16 00 E
638656,10.75,77.55,Tamil Nadu,state,DHARAPURAM,10 45 00 N,077 33 00 E
364640,21.3333,71,Gujarat,state,DHARI,21 20 00 N,071 00 00 E
143515,31.95,75.3167,Punjab,state,DHARIWAL,31 57 00 N,075 19 00 E
431809,18.9,77.85,Maharashtra,state,DHARMABAD,18 54 00 N,077 51 00 E
636702,12.1833,78.0167,Tamil Nadu,state,DHARMAPURI,12 11 00 N,078 01 00 E
533430,14.45,77.7333,Andhra Pradesh,state,DHARMAVARAM,14 27 00 N,077 44 00 E
464221,23.85,77.9333,Madhya Pradesh,state,GANJ BASODA,23 51 00 N,077 56 00 E
142042,30.95,75.3,Punjab,state,DHARMKOT,30 57 00 N,075 18 00 E
444702,21.55,76.8833,Maharashtra,state,DHARNI,21 33 00 N,076 53 00 E
713405,23.25,88.3333,West Bengal,state,DHATRIGRAM,23 15 00 N,088 20 00 E
759001,20.6667,85.6,Orissa,state,DHENKANAL,20 40 00 N,085 36 00 E
387810,22.7,72.5,Gujarat,state,DHOLKA,22 42 00 N,072 30 00 E
518222,15.4167,77.8667,Andhra Pradesh,state,DHONE,15 25 00 N,077 52 00 E
360411,21.7,70.5333,Gujarat,state,DHORAJI,21 42 00 N,070 32 00 E
363310,22.9833,71.5333,Gujarat,state,DHRANGADHRA,22 59 00 N,071 32 00 E
361210,22.55,70.5,Gujarat,state,DHROL,22 33 00 N,070 30 00 E
783301,26.0167,90,Assam,state,DHUBURI,26 01 00 N,090 00 00 E
743396,22.5833,88.1833,West Bengal,state,DHULAGARH,22 35 00 N,088 11 00 E
424001,20.8667,74.8333,Maharashtra,state,DHULE,20 52 00 N,074 50 00 E
742202,24.6833,87.9667,West Bengal,state,DHULIAN,24 41 00 N,087 58 00 E
735210,26.6,89.0167,West Bengal,state,DHUPGARI,26 36 00 N,089 01 00 E
148024,30.3667,75.8833,Punjab,state,DHURI,30 22 00 N,075 53 00 E
743331,22.1833,88.2,West Bengal,state,DIAMOND HARBOUR,22 11 00 N,088 12 00 E
202393,28.2167,78.2167,Uttar Pradesh,state,DIBAI,28 13 00 N,078 13 00 E
786001,27.4833,94.9333,Assam,state,DIBRUGARH,27 29 00 N,094 56 00 E
341303,27.3833,74.6,Rajasthan,state,DIDWANA,27 23 00 N,074 36 00 E
304504,27.4667,77.3167,Rajasthan,state,DIG,27 28 00 N,077 19 00 E
786171,27.3667,95.5667,Assam,state,DIGBOI,27 22 00 N,095 34 00 E
441805,18.9,73.0333,Maharashtra,state,DIGHORI,18 54 00 N,073 02 00 E
848115,22.7833,88.5333,West Bengal,state,DIGHRA,22 47 00 N,088 32 00 E
741401,23.45,87.6833,West Bengal,state,DIGNAGAR,23 27 00 N,087 41 00 E
721428,22.8333,88.3333,West Bengal,state,DIGRA,22 50 00 N,088 20 00 E
445203,20.1,77.8,Maharashtra,state,DIGRAS,20 06 00 N,077 48 00 E
797112,25.9,93.75,Assam,state,DIMAPUR,25 54 00 N,093 45 00 E
143531,32.1667,75.5167,Punjab,state,DINANAGAR,32 10 00 N,075 31 00 E
624001,10.3833,78,Tamil Nadu,state,DINDIGUL,10 23 00 N,078 00 00 E
481880,22.95,81.15,Madhya Pradesh,state,DINDORI,22 57 00 N,081 09 00 E
736135,26.1167,89.5667,West Bengal,state,DINHATA,26 07 00 N,089 34 00 E
713333,23.6833,86.8333,West Bengal,state,DISHEGARH,23 41 00 N,086 50 00 E
781005,26.05,91.8667,Assam,state,DISPUR,26 03 00 N,091 52 00 E
393018,19.1333,72.9833,Maharashtra,state,DIVA,19 08 00 N,072 59 00 E
402404,19.1833,73.0333,Maharashtra,state,DIVEAGAL,19 11 00 N,073 02 00 E
385330,24.1,71.7833,Gujarat,state,DIYODAR,24 06 00 N,071 47 00 E
182202,33.15,73.6,Jammu and Kashmir,state,DODA,33 09 00 N,073 36 00 E
561203,13.3333,77.5167,Karnataka,state,DODBALLAPUR,13 20 00 N,077 31 00 E
741185,22.9667,88.5167,West Bengal,state,DOGACHIA,22 58 00 N,088 31 00 E
246127,29.8,78.6167,Uttar Pradesh,state,DOGADDA,29 48 00 N,078 37 00 E
275303,26.25,83.5333,Uttar Pradesh,state,DOHRIGHAT,26 15 00 N,083 32 00 E
272189,27.2,82.6667,Uttar Pradesh,state,DOMARIGANJ,27 12 00 N,082 40 00 E
735302,26.5833,88.8,West Bengal,state,DOMOHANI,26 35 00 N,088 48 00 E
425408,21.3333,74.5667,Maharashtra,state,DONDAICHA,21 20 00 N,074 34 00 E
491445,21.2,80.85,Madhya Pradesh,state,DONGARGARH,21 12 00 N,080 51 00 E
466661,30.8167,76.0167,Punjab,state,DORAHA,30 49 00 N,076 01 00 E
194102,34.4333,75.7667,Jammu and Kashmir,state,DRAS,34 26 00 N,075 46 00 E
723162,23.5333,86.5167,West Bengal,state,DUBRA,23 32 00 N,086 31 00 E
731123,23.7667,87.4,West Bengal,state,DUBRAJPUR,23 46 00 N,087 24 00 E
783124,25.9833,90.8,Assam,state,DUDHNAI,25 59 00 N,090 48 00 E
700028,22.6167,88.4167,West Bengal,state,DUM-DUM,22 37 00 N,088 25 00 E
814101,24.2833,87.25,Bihar,state,DUMKA,24 17 00 N,087 15 00 E
370490,26.5667,85.5167,Bihar,state,DUMRA,26 34 00 N,085 31 00 E
802136,25.55,84.1667,Bihar,state,DUMRAON,25 33 00 N,084 10 00 E
832111,22.1833,86.3333,Orissa,state,DUMURIA,22 11 00 N,086 20 00 E
122016,28.6333,77.4333,Uttar Pradesh,state,DUNDAHERA,28 38 00 N,077 26 00 E
314001,25.8833,73.8,Rajasthan,state,DUNGARPUR,25 53 00 N,073 48 00 E
491001,21.2,81.3333,Madhya Pradesh,state,DURG,21 12 00 N,081 20 00 E
854105,23.5,87.3333,West Bengal,state,DURGAPUR,23 30 00 N,087 20 00 E
361335,22.25,69.05,Gujarat,state,DWARKA,22 15 00 N,069 03 00 E
721429,21.9,87.5333,West Bengal,state,EGRA,21 54 00 N,087 32 00 E
534268,17.55,82.8667,Andhra Pradesh,state,ELLAMANCHILI,17 33 00 N,082 52 00 E
431102,20.0667,75.85,Maharashtra,state,ELLOVA ,20 04 00 N,075 51 00 E
534001,16.75,81.1667,Andhra Pradesh,state,ELURU,16 45 00 N,081 10 00 E
425109,19.1667,72.7833,Maharashtra,state,ERANDOL,19 10 00 N,072 47 00 E
682011,10,76.2667,Kerala,state,ERNAKULAM,10 00 00 N,076 16 00 E
638001,11.35,77.7167,Tamil Nadu,state,ERODE,11 21 00 N,077 43 00 E
207001,27.55,78.65,Uttar Pradesh,state,ETAH,27 33 00 N,078 39 00 E
206002,25.5167,76.3667,Rajasthan,state,ETAWAH,25 31 00 N,076 22 00 E
206001,26.7667,79.0167,Uttar Pradesh,state,ETAWAH,26 46 00 N,079 01 00 E
224001,26.7667,82.1333,Uttar Pradesh,state,FAIZABAD,26 46 00 N,082 08 00 E
783330,25.9667,90.0333,Assam,state,FAKIRGANJ,25 58 00 N,090 02 00 E
735211,26.5333,89.2667,West Bengal,state,FALAKATA,26 32 00 N,089 16 00 E
743504,22.2833,88.1167,West Bengal,state,FALTA,22 17 00 N,088 07 00 E
121007,28.4,77.3,Haryana,state,FARIDABAD,28 24 00 N,077 18 00 E
151203,30.7,74.7833,Punjab,state,FARIDKOT,30 42 00 N,074 47 00 E
400078,28.7667,77.6167,Uttar Pradesh,state,FARIDNAGAR,28 46 00 N,077 37 00 E
243503,28.2,79.5333,Uttar Pradesh,state,FARIDPUR,28 12 00 N,079 32 00 E
673631,11.1667,75.8333,Kerala,state,FAROKE,11 10 00 N,075 50 00 E
209625,27.4,79.5667,Uttar Pradesh,state,FARRUKHABAD,27 24 00 N,079 34 00 E
123506,28.4667,76.85,Haryana,state,FARRUKHNAGAR,28 28 00 N,076 51 00 E
209625,28.7167,77.3833,Uttar Pradesh,state,FARRUKHNAGAR,28 43 00 N,077 23 00 E
752088,24.7833,77,Madhya Pradesh,state,FATEGARH,24 47 00 N,077 00 00 E
143602,31.8667,74.9667,Punjab,state,FATEGARH CHURIAN,31 52 00 N,074 58 00 E
283111,29.5,75.5333,Haryana,state,FATEHABAD,29 30 00 N,075 32 00 E
283111,27.0167,78.3,Uttar Pradesh,state,FATEHABAD,27 01 00 N,078 18 00 E
212601,27.9833,75.0167,Rajasthan,state,FATEHPUR,27 59 00 N,075 01 00 E
212601,25.9333,80.9167,Uttar Pradesh,state,FATEHPUR,25 56 00 N,080 55 00 E
283110,27.1833,87.2,Uttar Pradesh,state,FATEHPUR,27 11 00 N,087 12 00 E
743513,22.2833,88.2333,West Bengal,state,FATEHPUR,22 17 00 N,088 14 00 E
283110,27.1,77.65,Uttar Pradesh,state,FATEHPUR SIKRI,27 06 00 N,077 39 00 E
803201,25.5167,85.3167,Bihar,state,FATWA,25 31 00 N,085 19 00 E
152123,30.4333,74.0667,Punjab,state,FAZILKA,30 26 00 N,074 04 00 E
122104,27.75,76.9667,Haryana,state,FEROZEPUR JHIRKA,27 45 00 N,076 58 00 E
585337,27.15,78.4,Uttar Pradesh,state,FIROZABAD,27 09 00 N,078 24 00 E
152001,30.9167,74.6,Punjab,state,FIROZPUR,30 55 00 N,074 36 00 E
854318,26.3,87.2667,Bihar,state,FORBESGANJ,26 18 00 N,087 16 00 E
629175,18.8333,72.8333,Maharashtra,state,FORT,18 50 00 N,072 50 00 E
607001,11.7667,79.7667,Tamil Nadu,state,FORT ST. DAVID,11 46 00 N,079 46 00 E
582101,15.4333,75.7,Karnataka,state,GADAG,15 26 00 N,075 42 00 E
487551,22.9167,78.8333,Madhya Pradesh,state,GADARWARA,22 55 00 N,078 50 00 E
509125,16.25,77.8333,Andhra Pradesh,state,GADWAL,16 15 00 N,077 50 00 E
177201,31.6667,76.0667,Himachal Pradesh,state,GAGRET,31 40 00 N,076 04 00 E
743249,22.9333,88.7333,West Bengal,state,GAIGHATA,22 56 00 N,088 44 00 E
335024,29.6667,73.45,Rajasthan,state,GAJ SINGHPUR,29 40 00 N,073 27 00 E
732124,22.8667,88.1667,West Bengal,state,GAJA,22 52 00 N,088 10 00 E
582114,15.7333,75.9833,Karnataka,state,GAJENDRAGARH,15 44 00 N,075 59 00 E
732124,25.1667,88.2667,West Bengal,state,GAJOL,25 10 00 N,088 16 00 E
713406,23.3333,87.7,West Bengal,state,GALSI,23 20 00 N,087 42 00 E
191201,34.2333,74.7833,Jammu and Kashmir,state,GANDARBAL,34 14 00 N,074 47 00 E
396360,20.8,73.0833,Gujarat,state,GANDEVI,20 48 00 N,073 05 00 E
382010,23.25,72.75,Gujarat,state,GANDHINAGAR,23 15 00 N,072 45 00 E
743606,21.65,88.0833,West Bengal,state,GANGA SAGAR,21 39 00 N,088 05 00 E
752034,22.6,88.1833,West Bengal,state,GANGADHARPUR,22 36 00 N,088 11 00 E
722133,23.4167,87.1167,West Bengal,state,GANGAJALGHATI,23 25 00 N,087 07 00 E
848124,19.75,75.0667,Maharashtra,state,GANGAPUR,19 45 00 N,075 04 00 E
322201,26.5,76.8167,Rajasthan,state,GANGAPUR,26 30 00 N,076 49 00 E
733124,25.4,88.5167,West Bengal,state,GANGARAMPUR,25 24 00 N,088 31 00 E
583227,15.5,76.6,Karnataka,state,GANGAWATI,15 30 00 N,076 36 00 E
326516,23.95,75.6167,Rajasthan,state,GANGDHAR,23 57 00 N,075 37 00 E
741238,23.15,88.6333,West Bengal,state,GANGNAPUR,23 09 00 N,088 38 00 E
247341,29.7667,77.25,Uttar Pradesh,state,GANGOH,29 46 00 N,077 15 00 E
249137,30.9333,79.0333,Uttar Pradesh,state,GANGOTRI,30 56 00 N,079 02 00 E
737101,27.3333,88.65,Sikkim,state,GANGTOK,27 20 00 N,088 39 00 E
207242,27.7333,78.95,Uttar Pradesh,state,GANJ DUNDWARA,27 44 00 N,078 57 00 E
284203,25.55,79.2833,Uttar Pradesh,state,GARAUTHA,25 33 00 N,079 17 00 E
700024,22.55,88.2833,West Bengal,state,GARDEN REACH,22 33 00 N,088 17 00 E
144207,31.6833,75.8333,Punjab,state,GARDHIWALA,31 41 00 N,075 50 00 E
470229,23.7833,79.1667,Madhya Pradesh,state,GARHAKOTA,23 47 00 N,079 10 00 E
721127,22.85,87.3167,West Bengal,state,GARHBETA,22 51 00 N,087 19 00 E
229407,28.7667,77.2667,Uttar Pradesh,state,GARHI JASAYA,28 46 00 N,077 16 00 E
284001,28.75,77.2667,Uttar Pradesh,state,GARHI KATIYA,28 45 00 N,077 16 00 E
471411,25.0333,79.6667,Madhya Pradesh,state,GARHI MALEHRA,25 02 00 N,079 40 00 E
245205,28.7833,78.1,Uttar Pradesh,state,GARHMUKTESAR,28 47 00 N,078 06 00 E
144527,31.2,76.1833,Punjab,state,GARHSHANKAR,31 12 00 N,076 11 00 E
700084,22.4667,88.3833,West Bengal,state,GARIYA,22 28 00 N,088 23 00 E
743133,22.8167,88.3667,West Bengal,state,GARULIA,22 49 00 N,088 22 00 E
486342,22.75,81.9,Madhya Pradesh,state,GAURELA,22 45 00 N,081 54 00 E
274202,26.2833,83.7333,Uttar Pradesh,state,GAURI BAZAR,26 17 00 N,083 44 00 E
246476,28.6833,80.6,Uttar Pradesh,state,GAURI KUND,28 41 00 N,080 36 00 E
561208,13.6333,77.4333,Karnataka,state,GAURIBIDANUR,13 38 00 N,077 26 00 E
400081,18.95,73.0167,Maharashtra,state,GAVANPADA,18 57 00 N,073 01 00 E
841430,24.6333,85.9333,Bihar,state,GAWAN,24 38 00 N,085 56 00 E
823004,24.8,85,Bihar,state,GAYA,24 48 00 N,085 00 00 E
721603,22.2,88.05,West Bengal,state,GEONKHALI,22 12 00 N,088 03 00 E
          ,19.0833,73.1167,Maharashtra,state,GHAFE,19 05 00 N,073 07 00 E
835208,23.2833,84.55,Bihar,state,GHAGRA,23 17 00 N,084 33 00 E
400701,19.1167,72.9833,Maharashtra,state,GHANSOLI,19 07 00 N,072 59 00 E
132111,29.5333,76.9667,Haryana,state,GHARAUNDA,29 32 00 N,076 58 00 E
496111,22.1667,83.35,Madhya Pradesh,state,GHARGHODA,22 10 00 N,083 21 00 E
721212,22.6667,87.7333,West Bengal,state,GHATAL,22 40 00 N,087 44 00 E
209206,22.6,88.5667,West Bengal,state,GHATAMPUR,22 36 00 N,088 34 00 E
400086,19.0833,72.9,Maharashtra,state,GHATKOPAR,19 05 00 N,072 54 00 E
201011,28.65,77.4333,Uttar Pradesh,state,GHAZIABAD,28 39 00 N,077 26 00 E
233001,28.6333,77.3167,Delhi,union territory,GHAZIPUR,28 38 00 N,077 19 00 E
233001,25.6,83.6,Uttar Pradesh,state,GHAZIPUR,25 36 00 N,083 36 00 E
845303,26.8333,85.15,Bihar,state,GHORASAHAN,26 50 00 N,085 09 00 E
711107,22.6167,88.3667,West Bengal,state,GHUSHURI,22 37 00 N,088 22 00 E
523357,15.3833,78.9333,Andhra Pradesh,state,GIDDALUR,15 23 00 N,078 56 00 E
815301,24.1667,86.3333,Bihar,state,GIRIDIH,24 10 00 N,086 20 00 E
403108,15.5167,73.9333,Goa,state,GOA VELHA,15 31 00 N,073 56 00 E
783101,26.1667,90.6333,Assam,state,GOALPARA,26 10 00 N,090 38 00 E
721128,22.7167,87.1667,West Bengal,state,GOALTOR,22 43 00 N,087 10 00 E
743252,22.8667,88.7667,West Bengal,state,GOBARDANGA,22 52 00 N,088 46 00 E
700046,22.3833,88.4167,West Bengal,state,GOBINDAPUR,22 23 00 N,088 25 00 E
805102,23.85,86.5333,Bihar,state,GOBINDPUR,23 51 00 N,086 32 00 E
814133,24.8333,87.2167,Bihar,state,GODDA,24 50 00 N,087 13 00 E
389001,22.8167,73.6667,Gujarat,state,GODHRA,22 49 00 N,073 40 00 E
364110,21.6667,72.3333,Gujarat,state,GOGHA,21 40 00 N,072 20 00 E
477116,26.4167,78.4333,Madhya Pradesh,state,GOHAD,26 25 00 N,078 26 00 E
124301,29.1,76.7167,Haryana,state,GOHANA,29 06 00 N,076 43 00 E
784168,26.8833,93.6333,Assam,state,GOHPUR,26 53 00 N,093 38 00 E
591307,16.2167,74.9,Karnataka,state,GOKAK,16 13 00 N,074 54 00 E
742136,24.05,88.1167,West Bengal,state,GOKARNA,24 03 00 N,088 07 00 E
262802,28.0667,80.4667,Uttar Pradesh,state,GOLA GAKARAN NATH,28 04 00 N,080 28 00 E
785621,26.5,93.9833,Assam,state,GOLAGHAT,26 30 00 N,093 59 00 E
620004,10.8,78.7333,Tamil Nadu,state,GOLDEN ROCK,10 48 00 N,078 44 00 E
828401,23.8333,86.25,Bihar,state,GOMOH,23 50 00 N,086 15 00 E
531050,35.0333,77.3333,Jammu and Kashmir,state,GOMPA,35 02 00 N,077 20 00 E
271001,27.1333,81.9667,Uttar Pradesh,state,GONDA,27 08 00 N,081 58 00 E
360311,21.9833,70.8667,Gujarat,state,GONDAL,21 59 00 N,070 52 00 E
441601,21.3833,80.2333,Maharashtra,state,GONDIA,21 23 00 N,080 14 00 E
151201,30.3167,74.9,Punjab,state,GONIANAMANDI,30 19 00 N,074 54 00 E
515401,15.1333,77.6,Andhra Pradesh,state,GOOTY,15 08 00 N,077 36 00 E
841428,26.4667,84.4333,Bihar,state,GOPALGANJ,26 28 00 N,084 26 00 E
743262,22.8333,88.2333,West Bengal,state,GOPAL NAGAR BARASAT,22 50 00 N,088 14 00 E
721130,23.05,88.75,West Bengal,state,GOPAL NAGAR TAMLUK,23 03 00 N,088 45 00 E
175022,22.6333,88.45,West Bengal,state,GOPALPUR,22 38 00 N,088 27 00 E
721506,22.2167,86.9,West Bengal,state,GOPIBALLABHPUR,22 13 00 N,086 54 00 E
638452,11.4667,77.45,Tamil Nadu,state,GOPICHETTIPALAIYAM,11 28 00 N,077 27 00 E
712423,22.8333,88.1167,West Bengal,state,GOPINAGAR,22 50 00 N,088 07 00 E
273013,26.75,83.3833,Uttar Pradesh,state,GORAKHPUR,26 45 00 N,083 23 00 E
743370,22.1667,88.8,West Bengal,state,GOSABA,22 10 00 N,088 48 00 E
281502,27.5,77.45,Uttar Pradesh,state,GOVARDHAN,27 30 00 N,077 27 00 E
486550,24.3667,81.3,Madhya Pradesh,state,GOVINDARH,24 22 00 N,081 18 00 E
833213,22.2667,85.4,Bihar,state,GUA,22 16 00 N,085 24 00 E
572216,13.3333,76.9333,Karnataka,state,GUBBI,13 20 00 N,076 56 00 E
626518,9.6833,77.2833,Tamil Nadu,state,GUDALUR MADURAI,09 41 00 N,077 17 00 E
643211,11.5,76.5,Tamil Nadu,state,GUDALUR NILGIRIS,11 30 00 N,076 30 00 E
531165,16.4667,81.05,Andhra Pradesh,state,GUDIVADA,16 28 00 N,081 03 00 E
632602,12.95,78.8667,Tamil Nadu,state,GUDIYATTAM,12 57 00 N,078 52 00 E
587202,14.1667,79.85,Andhra Pradesh,state,GUDUR,14 10 00 N,079 51 00 E
245408,28.6,77.7833,Uttar Pradesh,state,GULAOTHI,28 36 00 N,077 47 00 E
585105,17.3667,76.7833,Karnataka,state,GULBARGA,17 22 00 N,076 47 00 E
587203,16.05,75.8,Karnataka,state,GULEDAGUDDA,16 03 00 N,075 48 00 E
193403,34.0667,74.4167,Jammu and Kashmir,state,GULMARG,34 04 00 N,074 25 00 E
835207,23.05,84.6,Bihar,state,GUMLA,23 03 00 N,084 36 00 E
473001,24.65,77.3,Madhya Pradesh,state,GUNA,24 39 00 N,077 18 00 E
571111,11.8167,76.6667,Karnataka,state,GUNDLUPET,11 49 00 N,076 40 00 E
515801,15.1833,77.4,Andhra Pradesh,state,GUNTAKAL,15 11 00 N,077 24 00 E
522001,16.3333,80.45,Andhra Pradesh,state,GUNTUR,16 20 00 N,080 27 00 E
765022,19.0667,83.8667,Orissa,state,GUNUPUR,19 04 00 N,083 52 00 E
143521,32.0667,75.4667,Punjab,state,GURDASPUR,32 04 00 N,075 28 00 E
193503,34.6167,75.7167,Jammu and Kashmir,state,GUREZ,34 37 00 N,075 43 00 E
122001,28.45,77.0167,Haryana,state,GURGAON,28 27 00 N,077 01 00 E
284202,23.6167,79.2,Uttar Pradesh,state,GURSARAI,23 37 00 N,079 12 00 E
152022,30.7167,74.4167,Punjab,state,GURU SHAI,30 43 00 N,074 25 00 E
474003,26.2,78.15,Madhya Pradesh,state,GWALIOR,26 12 00 N,078 09 00 E
743263,22.85,88.6667,West Bengal,state,HABRA,22 51 00 N,088 40 00 E
788819,25.1167,92.85,Assam,state,HAFLONG,25 07 00 N,092 51 00 E
221705,28.6167,77.4333,Uttar Pradesh,state,HAIBATPUR,28 37 00 N,077 26 00 E
227301,26.6,81.35,Uttar Pradesh,state,HAIDARGARH,26 36 00 N,081 21 00 E
110042,28.7167,77.15,Delhi,union territory,HAIDARPUR,28 43 00 N,077 09 00 E
788151,24.6667,92.5667,Assam,state,HAILAKANDI,24 40 00 N,092 34 00 E
844101,25.6833,85.2167,Bihar,state,HAJIPUR,25 41 00 N,085 13 00 E
735122,26.3167,88.8833,West Bengal,state,HALDIBARI,26 19 00 N,088 53 00 E
263139,29.2167,79.5167,Uttar Pradesh,state,HALDWANI,29 13 00 N,079 31 00 E
743134,22.4333,88.45,West Bengal,state,HALISAHAR,22 26 00 N,088 27 00 E
581329,15.35,74.85,Karnataka,state,HALIYAL,15 21 00 N,074 51 00 E
301426,31.6333,76.6,Himachal Pradesh,state,HAMIRPUR,31 38 00 N,076 36 00 E
210301,25.95,80.1333,Uttar Pradesh,state,HAMIRPUR,25 57 00 N,080 08 00 E
193221,34.4,74.2833,Jammu and Kashmir,state,HANDAWOR,34 24 00 N,074 17 00 E
125033,29.1,76.0167,Haryana,state,HANSI,29 06 00 N,076 01 00 E
741505,23.35,88.6167,West Bengal,state,HANSKHALI,23 21 00 N,088 37 00 E
335512,29.5833,74.3167,Rajasthan,state,HANUMANGARH,29 35 00 N,074 19 00 E
854321,22.3333,77.1,Madhya Pradesh,state,HARDA,22 20 00 N,077 06 00 E
285131,27.3833,80.1,Uttar Pradesh,state,HARDOI,27 23 00 N,080 06 00 E
144208,31.6333,75.85,Punjab,state,HARIANA,31 38 00 N,075 51 00 E
242312,29.9667,78.1667,Uttar Pradesh,state,HARIDWAR,29 58 00 N,078 10 00 E
577601,14.55,75.7333,Karnataka,state,HARIHAR,14 33 00 N,075 44 00 E
143412,31.1667,74.95,Punjab,state,HARIKE,31 10 00 N,074 57 00 E
845103,27.15,84.3167,Bihar,state,HARINAGAR,27 09 00 N,084 19 00 E
690514,9.2833,76.4333,Kerala,state,HARIPAD,09 17 00 N,076 26 00 E
712403,22.8167,88.1167,West Bengal,state,HARIPAL,22 49 00 N,088 07 00 E
713378,24.3,87.0833,Bihar,state,HARIPUR,24 18 00 N,087 05 00 E
713378,22.9333,88.2333,West Bengal,state,HARIPUR,22 56 00 N,088 14 00 E
415713,17.75,73.1167,Maharashtra,state,HARNAI,17 45 00 N,073 07 00 E
471111,25.2833,79.3333,Madhya Pradesh,state,HARPALPUR,25 17 00 N,079 20 00 E
583131,14.8,75.9333,Karnataka,state,HARPANAHALLI,14 48 00 N,075 56 00 E
480224,22.6333,79.2167,Madhya Pradesh,state,HARRAI,22 38 00 N,079 13 00 E
450116,22.0333,76.7,Madhya Pradesh,state,HARSUD,22 02 00 N,076 42 00 E
636803,12.0167,78.4833,Tamil Nadu,state,HARUR,12 01 00 N,078 29 00 E
506371,18.1333,79.55,Andhra Pradesh,state,HASANPARTI,18 08 00 N,079 33 00 E
244241,28.7167,78.2833,Uttar Pradesh,state,HASANPUR,28 43 00 N,078 17 00 E
400010,22.5833,88.9167,West Bengal,state,HASNABAD,22 35 00 N,088 55 00 E
573201,13.0167,76.05,Karnataka,state,HASSAN,13 01 00 N,076 03 00 E
455223,22.7667,76.3,Madhya Pradesh,state,HAT PIPLIA,22 46 00 N,076 18 00 E
204101,27.6,78.0333,Uttar Pradesh,state,HATHRAS,27 36 00 N,078 02 00 E
821106,24.15,79.6667,Madhya Pradesh,state,HATTA,24 09 00 N,079 40 00 E
110006,28.5333,77.2167,Delhi,union territory,HAUZ QAZI,28 32 00 N,077 13 00 E
581110,14.7667,75.4333,Karnataka,state,HAVERI,14 46 00 N,075 26 00 E
383001,23.6333,73.0333,Gujarat,state,HIMATNAGAR,23 38 00 N,073 02 00 E
322230,26.7333,77.0333,Rajasthan,state,HINDAUN,26 44 00 N,077 02 00 E
335901,30.15,73.9167,Rajasthan,state,HINDU MALKOT,30 09 00 N,073 55 00 E
515201,13.8167,77.4833,Andhra Pradesh,state,HINDUPUR,13 49 00 N,077 29 00 E
442301,20.5667,78.8333,Maharashtra,state,HINGANGHAT,20 34 00 N,078 50 00 E
431513,19.7167,77.15,Maharashtra,state,HINGOLI,19 43 00 N,077 09 00 E
768016,21.5167,83.8667,Orissa,state,HIRAKUD,21 31 00 N,083 52 00 E
585154,24.35,79.2,Madhya Pradesh,state,HIRAPUR,24 21 00 N,079 12 00 E
572143,13.9333,76.5833,Karnataka,state,HIRIYUR,13 56 00 N,076 35 00 E
125001,29.1667,75.75,Haryana,state,HISAR,29 10 00 N,075 45 00 E
121106,27.8667,77.3667,Haryana,state,HODAL,27 52 00 N,077 22 00 E
782435,26,92.9,Assam,state,HOJAI,26 00 00 N,092 54 00 E
577526,14.05,76.1833,Karnataka,state,HOLALKERE,14 03 00 N,076 11 00 E
573211,12.7667,76.2333,Karnataka,state,HOLE NARSIPUR,12 46 00 N,076 14 00 E
581334,14.3167,74.45,Karnataka,state,HONAVAR,14 19 00 N,074 27 00 E
461001,22.7333,77.75,Madhya Pradesh,state,HOSHANGABAD,22 44 00 N,077 45 00 E
146001,31.5,75.9833,Punjab,state,HOSHIARPUR,31 30 00 N,075 59 00 E
583273,15.2667,76.3333,Karnataka,state,HOSPET,15 16 00 N,076 20 00 E
635125,12.75,77.85,Tamil Nadu,state,HOSUR,12 45 00 N,077 51 00 E
580020,15.4667,75.0167,Karnataka,state,HUBLI-DHARWAR,15 28 00 N,075 01 00 E
571105,12.3333,76.3167,Karnataka,state,HUNSUR,12 20 00 N,076 19 00 E
723130,23.3,86.6667,West Bengal,state,HURA,23 18 00 N,086 40 00 E
505468,17.3667,78.4333,Andhra Pradesh,state,HYDERABAD,17 22 00 N,078 26 00 E
416116,16.6667,74.55,Maharashtra,state,ICHALKARANJI,16 40 00 N,074 33 00 E
743144,22.8333,88.4,West Bengal,state,ICHAPUR,22 50 00 N,088 24 00 E
,19.1667,84.7167,Orissa,state,ICHCHAPURAM,19 10 00 N,084 43 00 E
466115,23.0167,77.0167,Madhya Pradesh,state,ICHHAWAR,23 01 00 N,077 01 00 E
637101,11.5833,77.85,Tamil Nadu,state,IDAPPADI,11 35 00 N,077 51 00 E
383430,23.7833,73.05,Gujarat,state,IDAR,23 47 00 N,073 03 00 E
422403,19.6833,73.6333,Maharashtra,state,IGATPURI,19 41 00 N,073 38 00 E
623702,9.65,78.6667,Tamil Nadu,state,ILAIYANKUDI,09 39 00 N,078 40 00 E
795001,24.7833,93.9167,Manipur,state,IMPHAL,24 47 00 N,093 55 00 E
586209,17.2167,76.0167,Karnataka,state,INDI,17 13 00 N,076 01 00 E
452001,22.7,75.9,Madhya Pradesh,state,INDORE,22 42 00 N,075 54 00 E
722133,23.1667,86.9333,West Bengal,state,INDPUR,23 10 00 N,086 56 00 E
680125,10.3667,76.2333,Kerala,state,IRINJALAKUDA,10 22 00 N,076 14 00 E
261502,27.9,81.2167,Uttar Pradesh,state,ISANAGAR,27 54 00 N,081 13 00 E
471315,24.8333,77.8833,Madhya Pradesh,state,ISHANAGAR,24 50 00 N,077 53 00 E
801303,25.15,85.2167,Bihar,state,ISLAMPUR,25 09 00 N,085 13 00 E
733202,24.15,88.4667,West Bengal,state,ISLAMPUR COURT,24 09 00 N,088 28 00 E
742204,26.2667,88.2,West Bengal,state,ISLAMPUR MSD,26 16 00 N,088 12 00 E
791111,27.0333,93.6333,Arunachal Pradesh,union territory,ITANAGAR,27 02 00 N,093 38 00 E
461111,22.65,77.8,Madhya Pradesh,state,ITARSI,22 39 00 N,077 48 00 E
271605,27.25,78.2,Uttar Pradesh,state,ITIMADPUR,27 15 00 N,078 12 00 E
272192,27.3333,82.7,Uttar Pradesh,state,ITWA,27 20 00 N,082 42 00 E
482001,23.1667,79.9833,Madhya Pradesh,state,JABALPUR,23 10 00 N,079 59 00 E
364540,20.8667,71.3667,Gujarat,state,JAFARABAD,20 52 00 N,071 22 00 E
700122,28.6667,77.0167,Delhi,union territory,JAFARPUR,28 40 00 N,077 01 00 E
135003,30.1833,77.3,Haryana,state,JAGADHRI,30 11 00 N,077 18 00 E
577528,14.5833,76.25,Karnataka,state,JAGALUR,14 35 00 N,076 15 00 E
833203,22.7167,88.3167,West Bengal,state,JAGANNATHPUR,22 43 00 N,088 19 00 E
754021,28.7333,77.2333,Delhi,union territory,JAGATPUR,28 44 00 N,077 14 00 E
754103,20.2667,86.1667,Orissa,state,JAGATSINGHAPUR,20 16 00 N,086 10 00 E
494001,19.0667,82.0833,Madhya Pradesh,state,JAGDALPUR,19 04 00 N,082 05 00 E
813105,25.4833,84.4167,Bihar,state,JAGDISPUR,25 29 00 N,084 25 00 E
